Symbol,Price,Type,Strike,Exp Date,DTE,Bid,Midpoint,Ask,Last,Volume,Open Int,Vol/OI,IV,Time
QEP,8.53,Put,8,3/15/2019,67,0.25,0.45,0.65,0.55,20073,197,101.89,57.26%,1/7/2019
QCOM,56.44,Call,50,3/15/2019,67,7.4,7.5,7.6,7.7,7593,134,56.66,36.65%,1/7/2019
WETF,6.6,Call,8,3/15/2019,67,0.15,0.18,0.2,0.16,12405,255,48.65,49.60%,1/7/2019
ENDP,9.17,Call,9,4/18/2019,101,1.4,1.6,1.8,1.5,15234,318,47.91,72.84%,1/7/2019
TIF,85.9,Put,70,5/17/2019,130,1.74,1.77,1.8,1.78,8681,185,46.92,39.55%,1/7/2019
AABA,59.64,Put,57.5,2/15/2019,39,1.7,1.97,2.24,1.9,5018,124,40.47,38.26%,1/7/2019
MT,21.56,Put,25,1/17/2020,375,5,5.1,5.2,5.1,5000,126,39.68,39.16%,1/7/2019
JNJ,127.01,Call,140,3/15/2019,67,0.91,0.94,0.97,0.92,16279,455,35.78,20.73%,1/7/2019
CMCSA,35.43,Call,36,1/11/2019,4,0.21,0.23,0.25,0.24,5130,144,35.63,31.32%,1/7/2019
NVDA,143.4,Call,148,1/11/2019,4,2.05,2.06,2.07,2.04,10203,373,27.35,64.13%,1/7/2019
NFLX,315.34,Put,300,1/11/2019,4,2.79,2.86,2.93,2.83,7703,348,22.14,65.28%,1/7/2019
USB,46.61,Put,46,1/11/2019,4,0.29,0.31,0.32,0.28,3068,142,21.61,27.70%,1/7/2019
SPOT,119.36,Call,140,4/18/2019,101,6.2,6.5,6.8,6.53,2089,102,20.48,52.67%,1/7/2019
AMD,20.57,Call,20,3/15/2019,67,2.91,2.95,2.99,2.96,13708,793,17.29,75.71%,1/7/2019
CIM,18.16,Call,19,2/15/2019,39,0.1,0.18,0.25,0.2,2549,152,16.77,20.48%,1/7/2019
DAL,47.85,Put,47.5,1/18/2019,11,1.16,1.2,1.24,1.09,3040,189,16.08,38.69%,1/7/2019
DIS,110.56,Call,115,1/25/2019,18,0.45,0.53,0.6,0.49,3370,211,15.97,19.17%,1/7/2019
CLF,8.73,Call,8,4/18/2019,101,1.44,1.49,1.53,1.4,10030,634,15.82,54.53%,1/7/2019
AMD,20.57,Call,23.5,1/18/2019,11,0.24,0.25,0.26,0.26,4200,273,15.38,78.14%,1/7/2019
PBR,15.06,Call,18,2/15/2019,39,0.14,0.16,0.17,0.14,4610,305,15.11,45.19%,1/7/2019
JCP,1.28,Call,1.5,1/11/2019,4,0,0.01,0.02,0.02,4997,341,14.65,156.17%,1/7/2019
HCLP,3.66,Call,5,2/15/2019,39,0.15,0.2,0.25,0.15,2563,178,14.4,106.09%,1/7/2019
SQ,60.72,Call,75,2/15/2019,39,0.8,0.83,0.85,0.82,2791,194,14.39,56.76%,1/7/2019
NVDA,143.4,Put,144,1/11/2019,4,4,4.13,4.25,4.11,1506,105,14.34,63.79%,1/7/2019
AMD,20.57,Put,19.5,1/18/2019,11,0.64,0.66,0.67,0.66,2363,165,14.32,80.90%,1/7/2019
AMZN,1629.51,Call,1625,1/11/2019,4,31.5,32.98,34.45,32.6,1515,106,14.29,44.17%,1/7/2019
PBR,15.06,Put,15,1/11/2019,4,0.27,0.29,0.3,0.3,1775,127,13.98,52.82%,1/7/2019
IPI,2.96,Call,3,6/21/2019,165,0.45,0.5,0.55,0.5,4164,299,13.93,63.45%,1/7/2019
BHC,22.36,Call,24,1/11/2019,4,0.13,0.15,0.17,0.15,5064,368,13.76,69.66%,1/7/2019
GOOGL,1075.92,Call,1100,1/11/2019,4,5.5,5.75,6,5.8,5279,384,13.75,32.40%,1/7/2019
RCL,101.83,Call,125,3/15/2019,67,0.72,0.81,0.89,0.85,4018,297,13.53,36.60%,1/7/2019
DRI,103.94,Put,90,1/18/2019,11,0.25,0.33,0.4,0.3,3000,225,13.33,56.84%,1/7/2019
AMZN,1629.51,Call,1680,1/11/2019,4,10.6,11.03,11.45,11.05,2956,223,13.26,42.77%,1/7/2019
JPM,100.76,Put,98,1/11/2019,4,0.36,0.38,0.4,0.35,3344,261,12.81,31.19%,1/7/2019
AMZN,1629.51,Put,1620,1/11/2019,4,25.05,25.53,26,25.45,1408,110,12.8,44.52%,1/7/2019
ROKU,42.18,Call,40,1/11/2019,4,3,3.13,3.25,3.1,3685,291,12.66,104.65%,1/7/2019
BHC,22.36,Call,25,1/11/2019,4,0.04,0.06,0.08,0.05,1573,129,12.19,70.43%,1/7/2019
GPS,26.57,Call,23,1/18/2019,11,3.55,3.63,3.7,3.9,1810,149,12.15,84.69%,1/7/2019
AMZN,1629.51,Put,1600,1/11/2019,4,17.5,17.9,18.3,17.72,3472,290,11.97,45.10%,1/7/2019
SQ,60.72,Put,57,1/11/2019,4,0.5,0.53,0.55,0.52,2810,238,11.81,73.53%,1/7/2019
MU,34,Put,34,2/15/2019,39,2.24,2.25,2.26,2.25,4821,414,11.64,52.10%,1/7/2019
AMD,20.57,Put,21.5,1/11/2019,4,1.36,1.38,1.4,1.39,1156,100,11.56,96.83%,1/7/2019
NFLX,315.34,Call,340,1/11/2019,4,1.53,1.62,1.7,1.65,3644,317,11.5,66.68%,1/7/2019
X,20.45,Put,21,1/11/2019,4,0.82,0.86,0.9,0.8,1156,103,11.22,55.52%,1/7/2019
NFLX,315.34,Call,330,1/11/2019,4,3.15,3.18,3.2,3.16,6301,562,11.21,63.36%,1/7/2019
GE,8.74,Put,7,2/8/2019,32,0.13,0.14,0.14,0.13,4528,415,10.91,73.00%,1/7/2019
MDB,85.7,Put,85,1/18/2019,11,4.3,4.65,5,4.6,2045,191,10.71,84.34%,1/7/2019
DAL,47.85,Call,47.5,1/18/2019,11,1.54,1.58,1.62,1.59,3212,303,10.6,41.97%,1/7/2019
BHC,22.36,Put,15,4/18/2019,101,0.38,0.41,0.44,0.4,1396,134,10.42,67.50%,1/7/2019
NFLX,315.34,Call,345,1/11/2019,4,1.11,1.19,1.26,1.2,1351,131,10.31,68.53%,1/7/2019
CZR,7.16,Call,8,6/21/2019,165,0.96,1.01,1.05,0.93,5000,489,10.22,63.07%,1/7/2019
CP,184.15,Call,185,1/18/2019,11,3,3.25,3.5,3.5,2501,247,10.13,30.00%,1/7/2019
NFLX,315.34,Put,297.5,1/11/2019,4,2.1,2.5,2.89,2.48,1017,101,10.07,67.60%,1/7/2019
PEGI,19.78,Call,20,1/18/2019,11,0.35,0.43,0.5,0.4,3386,346,9.79,35.92%,1/7/2019
USFD,33.16,Put,30,2/15/2019,39,0.35,0.53,0.7,0.6,1875,192,9.77,43.17%,1/7/2019
AMZN,1629.51,Call,1720,1/11/2019,4,4,4.33,4.65,4.47,1063,110,9.66,43.54%,1/7/2019
SQ,60.72,Put,60,1/11/2019,4,1.33,1.36,1.38,1.37,3206,334,9.6,68.04%,1/7/2019
AMZN,1629.51,Call,1670,1/11/2019,4,13.1,13.65,14.2,13.6,987,103,9.58,42.61%,1/7/2019
TLRY,71.9,Put,40,6/21/2019,165,5.6,6.48,7.35,6.05,1001,105,9.53,126.04%,1/7/2019
DAL,47.85,Call,50.5,1/11/2019,4,0.07,0.08,0.09,0.08,1066,112,9.52,37.94%,1/7/2019
AMZN,1629.51,Call,1630,1/11/2019,4,29.35,29.9,30.45,30,2015,213,9.46,44.06%,1/7/2019
DG,112.94,Put,110,2/15/2019,39,2.55,2.65,2.75,2.61,1038,111,9.35,27.87%,1/7/2019
NXPI,76.01,Call,80,1/11/2019,4,0.23,0.34,0.44,0.35,1040,112,9.29,49.56%,1/7/2019
CP,184.15,Call,195,1/18/2019,11,0.4,0.6,0.8,0.5,2502,270,9.27,27.07%,1/7/2019
MOMO,26.22,Put,22.5,2/15/2019,39,0.65,0.7,0.75,0.7,1016,110,9.24,65.37%,1/7/2019
M,29.91,Put,28.5,1/11/2019,4,0.49,0.51,0.53,0.48,1129,124,9.1,85.25%,1/7/2019
USB,46.61,Put,45.5,1/18/2019,11,0.47,0.5,0.53,0.4,3011,338,8.91,26.82%,1/7/2019
NVDA,143.4,Call,155,1/11/2019,4,0.6,0.63,0.66,0.64,6449,732,8.81,64.86%,1/7/2019
TWLO,96.98,Call,100,1/11/2019,4,1.83,1.94,2.04,1.83,1103,126,8.75,75.33%,1/7/2019
CVS,68.61,Call,80,8/16/2019,221,1.97,2.06,2.14,2.1,894,103,8.68,25.30%,1/7/2019
TWTR,31.34,Put,30.5,1/18/2019,11,0.78,0.8,0.82,0.83,966,112,8.63,56.78%,1/7/2019
TEVA,17.67,Put,13,1/15/2021,739,1.9,2.09,2.28,1.9,1903,225,8.46,49.22%,1/7/2019
NFLX,315.34,Call,325,1/11/2019,4,4.3,4.48,4.65,4.45,7176,864,8.31,62.65%,1/7/2019
NFLX,315.34,Put,250,1/25/2019,18,1.43,3.22,5,2.92,917,111,8.26,86.55%,1/7/2019
PSX,91.47,Call,95,2/15/2019,39,2.05,2.23,2.4,2.15,2578,314,8.21,29.11%,1/7/2019
NFLX,315.34,Call,315,1/11/2019,4,7.95,8.25,8.55,8.53,8919,1086,8.21,63.13%,1/7/2019
TWTR,31.34,Call,32,1/11/2019,4,0.44,0.46,0.47,0.45,5243,642,8.17,55.15%,1/7/2019
GE,8.74,Put,8.5,2/1/2019,25,0.44,0.45,0.46,0.46,1209,149,8.11,64.55%,1/7/2019
GE,8.74,Put,9,1/11/2019,4,0.36,0.38,0.39,0.38,3234,399,8.11,61.81%,1/7/2019
GE,8.74,Call,10.5,1/11/2019,4,0,0.01,0.02,0.01,810,100,8.1,91.77%,1/7/2019
NFLX,315.34,Call,335,1/11/2019,4,2.11,2.22,2.33,2.15,1875,235,7.98,63.51%,1/7/2019
ROKU,42.18,Call,38,1/11/2019,4,4.15,4.45,4.75,4.64,1203,152,7.91,109.35%,1/7/2019
MPC,62.26,Call,65,2/15/2019,39,1.97,2.06,2.15,2.11,6844,868,7.88,38.89%,1/7/2019
NFLX,315.34,Call,320,1/11/2019,4,6.1,6.2,6.3,6.33,8093,1033,7.83,63.43%,1/7/2019
CGC,28.9,Call,34,1/18/2019,11,0.13,0.15,0.17,0.15,2014,258,7.81,68.59%,1/7/2019
SIG,34.97,Call,40,4/18/2019,101,2.55,2.83,3.1,3,1248,160,7.8,64.27%,1/7/2019
ZTS,85.27,Call,87.5,2/15/2019,39,2.25,2.43,2.6,2.88,1073,138,7.78,33.59%,1/7/2019
MDRX,10.45,Call,10,1/18/2019,11,0.6,0.68,0.75,0.6,3309,439,7.54,45.15%,1/7/2019
WFC,47.64,Put,47,1/11/2019,4,0.35,0.38,0.4,0.35,3494,465,7.51,31.57%,1/7/2019
NKE,75.72,Put,72,1/18/2019,11,0.4,0.44,0.47,0.43,1624,220,7.38,33.05%,1/7/2019
EL,131.5,Call,140,4/18/2019,101,4.7,4.85,5,4.74,2520,342,7.37,27.79%,1/7/2019
NVDA,143.4,Put,140,1/11/2019,4,2.35,2.42,2.49,2.35,1845,253,7.29,64.72%,1/7/2019
TSLA,334.96,Call,350,1/11/2019,4,2.5,2.55,2.6,2.6,9080,1252,7.25,55.44%,1/7/2019
TSLA,334.96,Put,330,1/11/2019,4,5.65,5.83,6,5.7,2416,335,7.21,57.48%,1/7/2019
PBR,15.06,Put,19,1/18/2019,11,3.9,3.95,4,4,1685,234,7.2,89.10%,1/7/2019
NFLX,315.34,Put,295,1/11/2019,4,1.61,1.95,2.28,2.08,3270,454,7.2,68.74%,1/7/2019
SQ,60.72,Call,61,1/18/2019,11,2.51,2.55,2.59,2.52,1414,197,7.18,62.48%,1/7/2019
INVA,18.51,Call,20,3/15/2019,67,0.8,0.83,0.85,0.8,1169,163,7.17,42.19%,1/7/2019
V,136.06,Put,128,1/18/2019,11,0.52,0.61,0.69,0.61,1639,231,7.1,34.39%,1/7/2019
GE,8.74,Call,10,1/11/2019,4,0.01,0.02,0.02,0.02,4232,598,7.08,81.80%,1/7/2019
AMD,20.57,Put,20,1/11/2019,4,0.57,0.58,0.59,0.59,12205,1740,7.01,100.08%,1/7/2019
AMZN,1629.51,Call,1675,1/11/2019,4,12,12.4,12.8,12.4,781,112,6.97,42.91%,1/7/2019
MU,34,Call,36,1/11/2019,4,0.16,0.17,0.18,0.18,3281,472,6.95,55.89%,1/7/2019
MU,34,Put,32.5,1/18/2019,11,0.67,0.69,0.71,0.67,3140,453,6.93,56.22%,1/7/2019
LW,70.55,Call,75,2/15/2019,39,0.9,1,1.1,1.05,906,131,6.92,27.86%,1/7/2019
TWTR,31.34,Call,33,1/11/2019,4,0.18,0.2,0.21,0.19,1239,180,6.88,55.10%,1/7/2019
SCHW,42.74,Put,42,6/21/2019,165,2.75,2.88,3,3.3,1500,219,6.85,34.77%,1/7/2019
AMZN,1629.51,Put,1570,1/11/2019,4,9.7,10.03,10.35,10,1323,194,6.82,46.81%,1/7/2019
AMZN,1629.51,Call,1650,1/11/2019,4,19.95,20.48,21,20.6,5186,761,6.81,43.10%,1/7/2019
SNAP,6.21,Put,7,3/15/2019,67,1.2,1.22,1.23,1.22,837,123,6.8,70.31%,1/7/2019
NFLX,315.34,Put,290,1/11/2019,4,1.15,1.26,1.37,1.25,7005,1039,6.74,67.94%,1/7/2019
AMZN,1629.51,Call,1700,1/11/2019,4,7,7.08,7.15,7.15,7124,1071,6.65,43.18%,1/7/2019
WAB,70.57,Put,70,2/15/2019,39,3.7,4.15,4.6,3.65,2016,305,6.61,44.12%,1/7/2019
T,30.89,Call,31.5,1/11/2019,4,0.05,0.06,0.06,0.06,6254,950,6.58,19.60%,1/7/2019
MU,34,Call,35.5,1/11/2019,4,0.25,0.27,0.28,0.26,2995,458,6.54,54.55%,1/7/2019
JPM,100.76,Call,111,1/18/2019,11,0.05,0.06,0.07,0.06,1135,174,6.52,29.16%,1/7/2019
MNST,49.73,Call,50,3/15/2019,67,3,3.1,3.2,3.1,1890,292,6.47,36.49%,1/7/2019
BMY,48.41,Call,51.5,1/18/2019,11,0.28,0.3,0.31,0.28,1057,164,6.45,36.37%,1/7/2019
MBI,9.24,Put,8,5/17/2019,130,0.43,0.47,0.5,0.43,1000,156,6.41,46.70%,1/7/2019
TGT,69.68,Call,71,1/11/2019,4,0.98,1.04,1.1,1.02,804,128,6.28,53.96%,1/7/2019
MU,34,Put,34,1/11/2019,4,0.79,0.81,0.82,0.82,3122,504,6.19,58.16%,1/7/2019
RIG,8.28,Put,8.5,1/11/2019,4,0.35,0.37,0.38,0.39,682,111,6.14,76.37%,1/7/2019
SQ,60.72,Call,63,1/18/2019,11,1.67,1.7,1.73,1.67,2875,468,6.14,61.54%,1/7/2019
JPM,100.76,Call,106,1/18/2019,11,0.44,0.47,0.5,0.49,1492,245,6.09,30.07%,1/7/2019
X,20.45,Call,22.5,1/11/2019,4,0.05,0.07,0.09,0.08,638,105,6.08,72.12%,1/7/2019
AA,28.42,Call,30,1/17/2020,375,4.8,4.9,5,5.1,1129,186,6.07,47.15%,1/7/2019
AMZN,1629.51,Call,1690,1/11/2019,4,7.2,8.23,9.25,9.22,681,113,6.03,43.56%,1/7/2019
AMZN,1629.51,Call,1645,1/11/2019,4,20.9,22.1,23.3,24,695,116,5.99,45.21%,1/7/2019
TWTR,31.34,Call,31.5,1/11/2019,4,0.66,0.67,0.68,0.64,2790,470,5.94,54.30%,1/7/2019
AAPL,147.93,Call,143,1/11/2019,4,5.6,5.73,5.85,5.7,3694,627,5.89,40.31%,1/7/2019
AXL,12.27,Call,12,1/18/2019,11,0.65,0.7,0.75,0.7,6302,1092,5.77,65.30%,1/7/2019
IGT,15.22,Put,13,2/15/2019,39,0.4,0.45,0.5,0.43,603,105,5.74,68.22%,1/7/2019
OLLI,74.18,Call,75,1/18/2019,11,2.2,2.33,2.45,2.3,1405,247,5.69,51.52%,1/7/2019
AMZN,1629.51,Put,1550,1/11/2019,4,6.35,6.58,6.8,6.6,2385,420,5.68,47.94%,1/7/2019
NFLX,315.34,Call,312.5,1/11/2019,4,9.4,9.65,9.9,10,2641,467,5.66,64.46%,1/7/2019
PYPL,86.93,Call,88,1/25/2019,18,1.99,2.07,2.15,1.95,709,126,5.63,30.89%,1/7/2019
TSLA,334.96,Put,307.5,1/11/2019,4,1,1.05,1.09,1.02,596,106,5.62,64.04%,1/7/2019
AMD,20.57,Call,25,1/25/2019,18,0.22,0.26,0.3,0.27,1224,219,5.59,78.97%,1/7/2019
FB,138.05,Call,143,2/1/2019,25,4.2,4.6,5,4.65,639,115,5.56,45.91%,1/7/2019
NVDA,143.4,Call,148,1/18/2019,11,3.85,3.93,4,3.98,656,119,5.51,59.01%,1/7/2019
BABA,143.1,Put,142,1/11/2019,4,2.05,2.11,2.16,1.8,715,130,5.5,39.12%,1/7/2019
AAPL,147.93,Call,147,1/11/2019,4,2.75,2.84,2.92,2.92,9576,1773,5.4,38.97%,1/7/2019
AAPL,147.93,Put,134,1/18/2019,11,0.32,0.35,0.37,0.34,576,108,5.33,40.29%,1/7/2019
SQ,60.72,Call,57.5,1/25/2019,18,5,5.13,5.25,5,606,114,5.32,58.70%,1/7/2019
BMY,48.41,Call,50,1/11/2019,4,0.13,0.22,0.3,0.17,653,123,5.31,33.54%,1/7/2019
TEAM,92.71,Call,100,1/18/2019,11,2.5,2.7,2.9,2.75,866,163,5.31,84.57%,1/7/2019
C,55.61,Put,48.5,1/18/2019,11,0.15,0.17,0.19,0.17,1365,257,5.31,55.36%,1/7/2019
WFC,47.64,Put,44,1/11/2019,4,0.02,0.03,0.03,0.02,1096,207,5.29,39.72%,1/7/2019
GE,8.74,Put,8,2/8/2019,32,0.3,0.32,0.34,0.31,4759,900,5.29,62.64%,1/7/2019
AMD,20.57,Put,20,3/15/2019,67,2.24,2.28,2.31,2.3,1291,245,5.27,76.28%,1/7/2019
BMY,48.41,Call,48.5,1/11/2019,4,0.58,0.69,0.79,0.6,1501,285,5.27,31.45%,1/7/2019
LUV,47.87,Put,46,1/11/2019,4,0.15,0.2,0.25,0.1,610,116,5.26,33.19%,1/7/2019
AAPL,147.93,Put,129,1/11/2019,4,0.03,0.04,0.04,0.04,2090,397,5.26,59.18%,1/7/2019
AMD,20.57,Put,20.5,1/11/2019,4,0.78,0.8,0.82,0.8,5558,1059,5.25,97.75%,1/7/2019
SIG,34.97,Put,30,4/18/2019,101,2.55,2.65,2.75,2.7,1225,234,5.24,72.30%,1/7/2019
BMY,48.41,Put,48,1/18/2019,11,0.86,0.92,0.98,0.95,4035,770,5.24,34.84%,1/7/2019
T,30.89,Call,33,3/15/2019,67,0.35,0.36,0.37,0.37,12935,2473,5.23,19.65%,1/7/2019
GE,8.74,Put,7.5,2/22/2019,46,0.25,0.27,0.28,0.26,559,107,5.22,63.35%,1/7/2019
CMG,485.15,Put,445,1/11/2019,4,0.2,0.35,0.5,0.4,576,111,5.19,47.98%,1/7/2019
AMZN,1629.51,Call,1737.5,1/11/2019,4,2.7,2.95,3.2,3.4,956,185,5.17,45.69%,1/7/2019
ENDP,9.17,Put,9,4/18/2019,101,1.1,1.25,1.4,1.25,15259,2959,5.16,72.51%,1/7/2019
TWLO,96.98,Put,80,1/25/2019,18,0.99,1.12,1.24,1.1,1102,214,5.15,80.28%,1/7/2019
BKS,7.57,Call,9,2/15/2019,39,0.2,0.25,0.3,0.23,2586,504,5.13,67.55%,1/7/2019
XOM,71.52,Put,70.5,1/11/2019,4,0.38,0.4,0.42,0.37,603,118,5.11,26.43%,1/7/2019
GE,8.74,Put,8.5,1/11/2019,4,0.12,0.13,0.14,0.13,13869,2715,5.11,64.31%,1/7/2019
LLY,115.28,Call,115,1/18/2019,11,2.32,2.43,2.53,2.4,10796,2124,5.08,27.64%,1/7/2019
ROKU,42.18,Call,37.5,1/11/2019,4,4.9,5.08,5.25,5.1,851,168,5.07,114.38%,1/7/2019
SEDG,35.01,Call,36,1/18/2019,11,0.7,0.8,0.9,0.8,865,171,5.06,49.63%,1/7/2019
TEVA,17.67,Call,18.5,1/11/2019,4,0.1,0.11,0.12,0.11,1238,245,5.05,51.87%,1/7/2019
NVDA,143.4,Call,149,1/11/2019,4,1.68,1.73,1.78,1.79,1253,250,5.01,64.93%,1/7/2019
SQ,60.72,Put,58,1/11/2019,4,0.7,0.72,0.73,0.71,1448,290,4.99,70.58%,1/7/2019
FDC,17.22,Call,20,2/15/2019,39,0.3,0.35,0.4,0.3,821,165,4.98,49.65%,1/7/2019
AMZN,1629.51,Put,1575,1/11/2019,4,10.75,11.08,11.4,10.75,798,161,4.96,45.96%,1/7/2019
BMY,48.41,Put,46,1/11/2019,4,0.07,0.11,0.14,0.09,535,108,4.95,38.36%,1/7/2019
ETN,68.73,Put,62.5,4/18/2019,101,1.6,1.68,1.75,1.68,633,128,4.95,30.85%,1/7/2019
CELG,87.52,Call,95,7/19/2019,193,2.52,3.26,4,3.45,563,114,4.94,22.79%,1/7/2019
AMD,20.57,Put,19.5,1/11/2019,4,0.4,0.41,0.41,0.41,7570,1536,4.93,100.58%,1/7/2019
BMY,48.41,Call,55,4/18/2019,101,1.42,1.49,1.55,1.42,629,128,4.91,34.42%,1/7/2019
TSLA,334.96,Call,342.5,1/11/2019,4,4.55,4.65,4.75,4.72,1274,260,4.9,55.75%,1/7/2019
ETSY,51.57,Put,40,1/17/2020,375,4.9,5.2,5.5,5,1500,309,4.85,56.60%,1/7/2019
T,30.89,Call,31.5,1/18/2019,11,0.13,0.15,0.16,0.17,1740,361,4.82,18.27%,1/7/2019
NVDA,143.4,Put,142,1/11/2019,4,3.1,3.2,3.3,3.15,985,205,4.8,64.29%,1/7/2019
CMG,485.15,Put,475,1/18/2019,11,9.5,9.8,10.1,10.2,665,139,4.78,44.83%,1/7/2019
TSLA,334.96,Call,352.5,1/11/2019,4,1.95,2.02,2.09,2.14,1024,215,4.76,55.85%,1/7/2019
BA,328.11,Call,330,1/11/2019,4,4.15,4.25,4.35,4.2,3600,756,4.76,36.69%,1/7/2019
AAPL,147.93,Put,139,1/18/2019,11,0.8,0.84,0.87,0.85,1015,214,4.74,37.95%,1/7/2019
AMZN,1629.51,Put,1580,1/11/2019,4,11.85,12.2,12.55,11.8,672,142,4.73,45.54%,1/7/2019
TSLA,334.96,Put,327.5,1/11/2019,4,4.75,4.88,5,4.85,974,206,4.73,58.40%,1/7/2019
MU,34,Call,37,1/11/2019,4,0.06,0.08,0.09,0.09,1932,409,4.72,59.52%,1/7/2019
XOM,71.52,Call,72.5,1/11/2019,4,0.37,0.39,0.41,0.48,1343,285,4.71,29.15%,1/7/2019
AAPL,147.93,Call,142,1/11/2019,4,6.4,6.58,6.75,6.5,1403,298,4.71,40.09%,1/7/2019
MS,41.71,Put,41,1/11/2019,4,0.36,0.37,0.38,0.34,1668,354,4.71,36.92%,1/7/2019
NVDA,143.4,Call,145,1/11/2019,4,3.1,3.15,3.2,3.15,7532,1599,4.71,64.40%,1/7/2019
AMRN,14.07,Call,15,1/11/2019,4,0.11,0.15,0.19,0.17,1239,264,4.69,82.91%,1/7/2019
TSLA,334.96,Call,332.5,1/11/2019,4,8.85,9.18,9.5,9.18,1473,314,4.69,56.19%,1/7/2019
ANF,20.92,Put,22,1/18/2019,11,1.5,1.57,1.63,1.59,3266,704,4.64,65.28%,1/7/2019
AMZN,1629.51,Put,1500,1/11/2019,4,2.4,2.56,2.71,2.5,3542,764,4.64,52.76%,1/7/2019
AMD,20.57,Call,21.5,1/11/2019,4,0.45,0.46,0.47,0.46,8829,1901,4.64,95.95%,1/7/2019
GME,15.48,Call,18,2/15/2019,39,0.38,0.43,0.48,0.47,782,169,4.63,62.70%,1/7/2019
TXN,94.5,Call,105,2/15/2019,39,0.65,0.71,0.77,0.79,1083,234,4.63,30.54%,1/7/2019
TEVA,17.67,Call,18,1/11/2019,4,0.23,0.25,0.26,0.24,1615,349,4.63,51.07%,1/7/2019
AMD,20.57,Put,19,1/11/2019,4,0.27,0.28,0.28,0.28,11387,2462,4.63,102.28%,1/7/2019
AMZN,1629.51,Call,1610,1/11/2019,4,40.05,41.78,43.5,42.48,1759,381,4.62,46.51%,1/7/2019
FB,138.05,Call,150,1/25/2019,18,0.57,0.62,0.66,0.64,5312,1149,4.62,32.04%,1/7/2019
AAPL,147.93,Put,146,1/11/2019,4,1.45,1.5,1.55,1.5,6824,1478,4.62,38.43%,1/7/2019
TWLO,96.98,Call,95,1/11/2019,4,4,4.23,4.45,4.5,539,117,4.61,84.86%,1/7/2019
AMZN,1629.51,Put,1560,1/11/2019,4,7.85,8.28,8.7,7.86,693,151,4.59,46.73%,1/7/2019
IP,42.77,Put,40,7/19/2019,193,2.36,2.42,2.48,2.35,1309,286,4.58,32.06%,1/7/2019
TSLA,334.96,Call,355,1/11/2019,4,1.65,1.74,1.83,1.67,1566,343,4.57,55.32%,1/7/2019
LVS,55.47,Put,45,2/15/2019,39,0.41,0.47,0.53,0.42,2164,474,4.57,51.72%,1/7/2019
SLB,40.17,Put,37.5,5/17/2019,130,2.14,2.19,2.24,2.17,5026,1102,4.56,38.05%,1/7/2019
AAPL,147.93,Put,147,1/11/2019,4,1.84,1.9,1.95,1.9,12075,2671,4.52,38.28%,1/7/2019
BMRN,90.19,Call,95,1/18/2019,11,1.35,1.6,1.85,1.4,1317,294,4.48,50.37%,1/7/2019
TSLA,334.96,Put,320,1/11/2019,4,2.69,2.78,2.86,2.82,4042,902,4.48,60.40%,1/7/2019
AAPL,147.93,Put,149,1/11/2019,4,2.7,2.8,2.89,2.88,2529,567,4.46,37.65%,1/7/2019
AMZN,1629.51,Call,1620,1/11/2019,4,34.5,35.2,35.9,35.07,2652,595,4.46,43.90%,1/7/2019
CTL,16.3,Call,16.5,1/18/2019,11,0.33,0.37,0.41,0.41,1242,279,4.45,43.80%,1/7/2019
NVDA,143.4,Call,141,1/11/2019,4,5.15,5.3,5.45,5.41,1407,319,4.41,68.57%,1/7/2019
KMI,16.59,Call,18,2/15/2019,39,0.1,0.11,0.11,0.1,1341,305,4.4,23.04%,1/7/2019
MAT,11.21,Call,10.5,1/11/2019,4,0.75,0.85,0.95,0.85,1320,301,4.39,87.20%,1/7/2019
AVGO,237.98,Call,245,1/18/2019,11,2.9,3.05,3.2,3.5,684,156,4.38,37.86%,1/7/2019
TSLA,334.96,Call,340,1/11/2019,4,5.35,5.53,5.7,5.6,5419,1238,4.38,55.49%,1/7/2019
LUV,47.87,Put,48,1/11/2019,4,0.8,0.85,0.9,0.83,537,123,4.37,38.55%,1/7/2019
BA,328.11,Call,332.5,1/11/2019,4,3,3.13,3.25,3.19,923,211,4.37,36.58%,1/7/2019
NVDA,143.4,Put,138,1/11/2019,4,1.73,1.81,1.88,1.65,1579,364,4.34,64.06%,1/7/2019
CGC,28.9,Put,30,2/15/2019,39,3.15,3.23,3.3,3.25,1061,247,4.3,71.06%,1/7/2019
GWW,277.13,Put,250,1/18/2019,11,0.7,0.95,1.2,0.9,1000,234,4.27,45.31%,1/7/2019
AAPL,147.93,Put,144,1/11/2019,4,0.91,0.94,0.97,0.94,6789,1594,4.26,39.84%,1/7/2019
SBUX,63.57,Put,63.5,1/11/2019,4,0.62,0.69,0.76,0.59,1926,460,4.19,23.91%,1/7/2019
NFLX,315.34,Call,350,1/11/2019,4,0.86,0.9,0.93,0.94,2252,538,4.19,71.62%,1/7/2019
HPQ,20.95,Call,22,2/15/2019,39,0.42,0.45,0.47,0.46,4335,1036,4.18,30.88%,1/7/2019
TEAM,92.71,Call,110,1/18/2019,11,0.6,0.9,1.2,0.85,1218,292,4.17,83.07%,1/7/2019
TSLA,334.96,Put,315,1/11/2019,4,1.75,1.9,2.05,1.91,2183,523,4.17,61.84%,1/7/2019
DKS,32.97,Call,36,3/15/2019,67,1.25,1.38,1.5,1.45,715,172,4.16,44.79%,1/7/2019
PCG,18.95,Call,23,3/15/2019,67,1.5,1.7,1.9,1.7,1062,256,4.15,93.14%,1/7/2019
ROKU,42.18,Call,40,7/19/2019,193,9.7,9.95,10.2,9.85,558,135,4.13,71.61%,1/7/2019
FB,138.05,Put,122,1/11/2019,4,0.02,0.04,0.06,0.04,1273,309,4.12,54.67%,1/7/2019
TLRY,71.9,Call,55,1/18/2019,11,14.6,16.4,18.2,15.5,1319,320,4.12,54.78%,1/7/2019
TWTR,31.34,Put,30.5,1/11/2019,4,0.4,0.41,0.42,0.42,1333,325,4.1,59.78%,1/7/2019
TSLA,334.96,Call,372.5,1/11/2019,4,0.35,0.39,0.43,0.38,749,183,4.09,58.86%,1/7/2019
MU,34,Put,31,1/11/2019,4,0.1,0.11,0.11,0.11,5000,1222,4.09,68.91%,1/7/2019
DISH,28.6,Put,26.5,1/11/2019,4,0.1,0.15,0.2,0.15,547,134,4.08,69.39%,1/7/2019
PYPL,86.93,Call,88.5,1/11/2019,4,0.68,0.7,0.72,0.69,603,148,4.07,36.04%,1/7/2019
WFC,47.64,Put,44,1/18/2019,11,0.26,0.28,0.29,0.26,2877,707,4.07,43.82%,1/7/2019
TSLA,334.96,Put,335,1/11/2019,4,7.9,8.1,8.3,7.9,1051,261,4.03,56.73%,1/7/2019
HPQ,20.95,Put,19,2/15/2019,39,0.26,0.27,0.28,0.25,691,173,3.99,35.77%,1/7/2019
PCG,18.95,Put,15,1/18/2019,11,0.5,0.55,0.6,0.55,1008,253,3.98,164.09%,1/7/2019
GTT,27.44,Call,30,2/15/2019,39,1.35,1.7,2.05,1.77,1110,279,3.98,76.02%,1/7/2019
AAPL,147.93,Put,148,1/11/2019,4,2.26,2.33,2.4,2.37,4741,1190,3.98,38.19%,1/7/2019
TSLA,334.96,Put,325,1/11/2019,4,3.9,4.05,4.2,4.1,2472,625,3.96,59.27%,1/7/2019
C,55.61,Put,54.5,1/11/2019,4,0.42,0.44,0.46,0.43,743,188,3.95,38.35%,1/7/2019
GE,8.74,Call,10,2/15/2019,39,0.2,0.21,0.21,0.2,7988,2028,3.94,52.07%,1/7/2019
YY,65.27,Call,60,2/15/2019,39,7.3,7.5,7.7,7.22,506,129,3.92,47.85%,1/7/2019
AMRN,14.07,Call,14,1/11/2019,4,0.45,0.53,0.6,0.53,1241,317,3.91,83.95%,1/7/2019
CIM,18.16,Call,19,6/21/2019,165,0.35,0.43,0.5,0.39,2556,654,3.91,12.95%,1/7/2019
TWTR,31.34,Call,34,1/11/2019,4,0.07,0.08,0.09,0.08,861,221,3.9,57.38%,1/7/2019
NVDA,143.4,Call,162.5,1/11/2019,4,0.17,0.19,0.2,0.21,772,199,3.88,70.43%,1/7/2019
AMZN,1629.51,Call,1605,1/11/2019,4,43.2,44.23,45.25,45.7,681,176,3.87,46.83%,1/7/2019
PCG,18.95,Put,10,3/15/2019,67,0.65,0.8,0.95,0.8,772,200,3.86,156.76%,1/7/2019
BMY,48.41,Put,47,6/21/2019,165,3.6,3.73,3.85,3.6,7053,1845,3.82,35.86%,1/7/2019
DAL,47.85,Put,46,1/18/2019,11,0.65,0.67,0.69,0.63,3318,878,3.78,42.30%,1/7/2019
SNAP,6.21,Put,6,1/11/2019,4,0.08,0.09,0.1,0.1,7281,1926,3.78,73.46%,1/7/2019
FB,138.05,Put,138,1/11/2019,4,2.1,2.3,2.5,2.29,2450,651,3.76,40.56%,1/7/2019
PCG,18.95,Put,14,6/21/2019,165,2.3,2.48,2.65,2.42,1327,354,3.75,106.24%,1/7/2019
AUY,2.43,Call,2,7/19/2019,193,0.6,0.61,0.62,0.62,4670,1244,3.75,53.97%,1/7/2019
AMZN,1629.51,Call,1625,2/15/2019,39,97.05,98.18,99.3,99.38,829,222,3.73,44.63%,1/7/2019
RDC,10.25,Call,12,4/18/2019,101,0.9,0.93,0.95,0.9,876,237,3.7,68.96%,1/7/2019
AXP,98.17,Put,95,1/11/2019,4,0.27,0.3,0.32,0.28,1046,283,3.7,32.21%,1/7/2019
AMD,20.57,Call,22,1/11/2019,4,0.32,0.33,0.33,0.33,7862,2125,3.7,96.92%,1/7/2019
NVDA,143.4,Call,139,1/11/2019,4,6.4,6.58,6.75,7.2,1541,420,3.67,78.77%,1/7/2019
SNAP,6.21,Call,7,1/25/2019,18,0.05,0.06,0.07,0.07,1868,509,3.67,54.70%,1/7/2019
NVDA,143.4,Put,136,1/18/2019,11,2.86,2.92,2.97,2.87,622,170,3.66,60.86%,1/7/2019
AMZN,1629.51,Put,1540,1/11/2019,4,5.15,5.38,5.6,5.38,662,181,3.66,48.70%,1/7/2019
AAPL,147.93,Put,141,1/11/2019,4,0.41,0.44,0.46,0.44,3184,871,3.66,42.10%,1/7/2019
ROKU,42.18,Put,38,1/18/2019,11,0.92,1,1.08,1.01,1429,391,3.65,93.50%,1/7/2019
BAC,25.56,Put,24.5,1/11/2019,4,0.07,0.08,0.08,0.08,16870,4625,3.65,39.33%,1/7/2019
BAC,25.56,Put,25.5,1/18/2019,11,0.59,0.61,0.63,0.61,3597,989,3.64,36.82%,1/7/2019
XOM,71.52,Call,73,1/11/2019,4,0.24,0.26,0.27,0.29,614,169,3.63,27.20%,1/7/2019
GS,176.02,Put,175,1/11/2019,4,1.98,2.1,2.21,2.1,646,178,3.63,35.52%,1/7/2019
PBR,15.06,Call,15,2/8/2019,32,0.82,0.85,0.88,0.71,1057,291,3.63,37.20%,1/7/2019
RIG,8.28,Put,8,1/11/2019,4,0.11,0.13,0.14,0.14,1223,341,3.59,75.63%,1/7/2019
ROKU,42.18,Call,37,1/11/2019,4,5.15,5.48,5.8,5.55,755,211,3.58,117.85%,1/7/2019
TSLA,334.96,Call,400,2/15/2019,39,6.5,6.65,6.8,6.64,6997,1953,3.58,57.81%,1/7/2019
AMD,20.57,Call,21,1/11/2019,4,0.64,0.65,0.66,0.64,9582,2675,3.58,96.20%,1/7/2019
GM,34.36,Call,37,2/15/2019,39,0.66,0.68,0.7,0.7,1034,290,3.57,35.91%,1/7/2019
NVDA,143.4,Put,95,6/21/2019,165,3.2,3.28,3.35,3.07,1387,390,3.56,57.69%,1/7/2019
AAPL,147.93,Put,145,1/11/2019,4,1.16,1.21,1.25,1.19,12855,3617,3.55,39.07%,1/7/2019
BABA,143.1,Call,148,1/11/2019,4,0.82,0.86,0.89,0.88,988,279,3.54,43.15%,1/7/2019
MU,34,Call,34.5,1/11/2019,4,0.56,0.58,0.6,0.6,6061,1712,3.54,57.44%,1/7/2019
NVDA,143.4,Call,150,1/11/2019,4,1.42,1.46,1.5,1.48,7980,2273,3.51,63.92%,1/7/2019
FB,138.05,Call,138,1/11/2019,4,2.07,2.27,2.46,2.31,6743,1927,3.5,39.25%,1/7/2019
BG,55.35,Call,57.5,4/18/2019,101,2.65,2.88,3.1,2.65,1216,348,3.49,29.07%,1/7/2019
SBUX,63.57,Put,63,1/11/2019,4,0.44,0.48,0.52,0.42,1697,486,3.49,25.53%,1/7/2019
MSFT,102.06,Put,102,1/11/2019,4,1.43,1.49,1.55,1.47,4885,1405,3.48,35.59%,1/7/2019
NFLX,315.34,Put,292.5,1/11/2019,4,1.42,1.49,1.55,1.55,968,280,3.46,67.29%,1/7/2019
AAPL,147.93,Put,140,2/22/2019,46,4,4.1,4.2,4.05,1335,387,3.45,37.06%,1/7/2019
DWDP,54.76,Put,53,1/11/2019,4,0.25,0.3,0.35,0.26,506,147,3.44,38.97%,1/7/2019
DIS,110.56,Put,107,1/18/2019,11,0.64,0.67,0.69,0.67,1078,314,3.43,26.37%,1/7/2019
NFLX,315.34,Call,310,1/11/2019,4,10.75,11.05,11.35,11.34,4965,1448,3.43,63.88%,1/7/2019
AAPL,147.93,Call,150,1/11/2019,4,1.3,1.35,1.4,1.4,28119,8196,3.43,36.48%,1/7/2019
BA,328.11,Put,325,1/11/2019,4,3.75,3.9,4.05,3.88,557,163,3.42,39.12%,1/7/2019
AMZN,1629.51,Call,1622.5,1/11/2019,4,32.85,33.65,34.45,34.82,914,267,3.42,45.52%,1/7/2019
MU,34,Put,33,1/11/2019,4,0.42,0.43,0.44,0.43,2609,764,3.41,60.10%,1/7/2019
PCG,18.95,Put,14,3/15/2019,67,1.3,1.5,1.7,1.55,1374,404,3.4,127.29%,1/7/2019
WBA,69.97,Call,82.5,1/17/2020,375,3.1,3.4,3.7,3.25,867,256,3.39,23.78%,1/7/2019
PYPL,86.93,Put,86,1/25/2019,18,2,2.08,2.15,2.01,1009,298,3.39,32.70%,1/7/2019
WFC,47.64,Put,48,1/18/2019,11,1.34,1.37,1.39,1.36,2101,620,3.39,36.10%,1/7/2019
C,55.61,Put,55,1/11/2019,4,0.57,0.59,0.6,0.58,956,283,3.38,37.14%,1/7/2019
WING,67.43,Call,66.95,1/18/2019,11,2.35,2.5,2.65,2.2,797,237,3.36,41.24%,1/7/2019
NVDA,143.4,Call,160,1/11/2019,4,0.24,0.26,0.28,0.28,1638,488,3.36,67.38%,1/7/2019
TEVA,17.67,Call,19,1/11/2019,4,0.03,0.04,0.05,0.05,828,247,3.35,54.18%,1/7/2019
TSLA,334.96,Call,347.5,1/11/2019,4,3.05,3.15,3.25,3.15,871,260,3.35,55.09%,1/7/2019
NVDA,143.4,Call,157.5,1/11/2019,4,0.39,0.41,0.43,0.42,799,239,3.34,65.92%,1/7/2019
WWE,79.73,Put,75,1/18/2019,11,1,1.15,1.3,1.17,1029,308,3.34,55.55%,1/7/2019
BA,328.11,Put,255,2/15/2019,39,1.19,1.23,1.27,1.25,511,154,3.32,50.48%,1/7/2019
TSLA,334.96,Put,317.5,1/11/2019,4,2.25,2.34,2.43,2.39,614,185,3.32,61.77%,1/7/2019
NVDA,143.4,Call,150,2/8/2019,32,6.05,6.23,6.4,6.27,1047,315,3.32,52.28%,1/7/2019
SNAP,6.21,Call,7,1/11/2019,4,0,0.01,0.01,0.01,3096,933,3.32,69.36%,1/7/2019
BIDU,162.6,Put,160,1/11/2019,4,1.74,1.87,1.99,1.74,526,159,3.31,42.67%,1/7/2019
MU,34,Put,23,4/18/2019,101,0.42,0.44,0.45,0.45,1020,308,3.31,60.85%,1/7/2019
TWTR,31.34,Call,31,1/11/2019,4,0.91,0.93,0.94,0.92,2896,876,3.31,56.22%,1/7/2019
DRYS,6.75,Call,7.5,1/18/2019,11,0.05,0.08,0.1,0.1,548,166,3.3,71.95%,1/7/2019
MU,34,Call,37.5,1/11/2019,4,0.04,0.05,0.06,0.06,1670,507,3.29,60.46%,1/7/2019
BABA,143.1,Put,138,1/11/2019,4,0.86,0.9,0.93,0.82,2717,825,3.29,44.82%,1/7/2019
LVS,55.47,Put,50,2/15/2019,39,1.07,1.12,1.16,1.09,3648,1115,3.27,45.70%,1/7/2019
ADBE,229.26,Call,255,2/15/2019,39,2.54,2.75,2.95,2.75,586,180,3.26,34.95%,1/7/2019
PBF,34.2,Call,40,6/21/2019,165,1.55,1.65,1.75,1.6,501,154,3.25,37.03%,1/7/2019
MU,34,Call,34.5,1/18/2019,11,1.03,1.06,1.08,1.07,2510,775,3.24,54.47%,1/7/2019
DNR,2.2,Put,2.5,1/18/2019,11,0.35,0.38,0.4,0.36,1331,414,3.21,105.76%,1/7/2019
YNDX,29.02,Call,30,1/18/2019,11,0.45,0.53,0.6,0.55,1360,424,3.21,46.60%,1/7/2019
APC,46.99,Call,70,5/17/2019,130,0.24,0.28,0.32,0.29,1748,547,3.2,39.81%,1/7/2019
TSLA,334.96,Call,345,1/11/2019,4,3.75,3.85,3.95,3.85,2176,681,3.2,55.19%,1/7/2019
AAPL,147.93,Call,147,1/25/2019,18,4.75,4.85,4.95,4.8,709,222,3.19,32.20%,1/7/2019
AAL,32.95,Put,32,1/11/2019,4,0.37,0.39,0.41,0.31,1268,398,3.19,50.59%,1/7/2019
AAPL,147.93,Call,152.5,1/11/2019,4,0.61,0.63,0.65,0.64,18350,5756,3.19,35.07%,1/7/2019
BP,40.16,Call,40.5,1/18/2019,11,0.5,0.52,0.54,0.54,1518,477,3.18,24.40%,1/7/2019
AAPL,147.93,Put,143,1/11/2019,4,0.7,0.73,0.76,0.76,4703,1479,3.18,41.14%,1/7/2019
ROKU,42.18,Call,45,2/15/2019,39,2.77,2.96,3.15,3,729,230,3.17,74.28%,1/7/2019
DG,112.94,Put,100,2/15/2019,39,0.65,0.73,0.8,0.7,1011,319,3.17,33.01%,1/7/2019
SQ,60.72,Call,60.5,1/11/2019,4,1.77,1.82,1.87,1.77,826,261,3.16,65.10%,1/7/2019
JCP,1.28,Put,3.5,2/15/2019,39,2.12,2.24,2.36,2.3,948,300,3.16,253.75%,1/7/2019
ROKU,42.18,Call,43,1/18/2019,11,2.03,2.11,2.18,2.14,2063,654,3.15,85.26%,1/7/2019
AAPL,147.93,Call,146,1/11/2019,4,3.4,3.5,3.6,3.48,3079,981,3.14,38.47%,1/7/2019
AMD,20.57,Call,20.5,1/11/2019,4,0.87,0.88,0.88,0.87,8734,2783,3.14,96.97%,1/7/2019
C,55.61,Call,57,1/11/2019,4,0.27,0.3,0.33,0.34,1856,594,3.12,36.44%,1/7/2019
AAPL,147.93,Call,148,1/11/2019,4,2.19,2.29,2.39,2.31,14213,4573,3.11,37.57%,1/7/2019
JPM,100.76,Put,100,1/11/2019,4,0.86,0.89,0.92,0.85,836,270,3.1,28.75%,1/7/2019
IP,42.77,Call,50,7/19/2019,193,0.89,0.94,0.98,1.02,1260,407,3.1,24.70%,1/7/2019
CELG,87.52,Call,90,1/11/2019,4,0.21,0.31,0.4,0.26,672,219,3.07,28.76%,1/7/2019
AAPL,147.93,Put,141,1/18/2019,11,1.16,1.19,1.22,1.18,781,254,3.07,36.83%,1/7/2019
FDX,166.73,Put,152.5,1/18/2019,11,0.41,0.44,0.47,0.45,1075,350,3.07,38.79%,1/7/2019
BABA,143.1,Put,143,1/11/2019,4,2.48,2.54,2.6,2.36,548,179,3.06,40.73%,1/7/2019
TEVA,17.67,Call,19,6/21/2019,165,1.68,1.78,1.87,1.86,608,199,3.06,48.53%,1/7/2019
MA,191.22,Call,195,1/11/2019,4,1.01,1.11,1.2,1.25,753,246,3.06,33.65%,1/7/2019
BMY,48.41,Call,53,1/18/2019,11,0.1,0.14,0.18,0.17,3002,985,3.05,40.46%,1/7/2019
GOOG,1068.39,Call,1100,1/11/2019,4,2.85,3.43,4,3.28,862,284,3.04,29.91%,1/7/2019
NVDA,143.4,Call,147,1/11/2019,4,2.3,2.36,2.42,2.5,1657,545,3.04,66.47%,1/7/2019
TRN,21.66,Call,32,1/18/2019,11,0.2,1.13,2.05,0.4,500,165,3.03,178.06%,1/7/2019
BA,328.11,Call,350,1/11/2019,4,0.12,0.15,0.18,0.16,560,187,2.99,33.64%,1/7/2019
FDX,166.73,Call,165,1/25/2019,18,5.45,5.65,5.85,5.72,679,227,2.99,31.80%,1/7/2019
EXEL,21.9,Call,37,1/17/2020,375,1.6,2.3,3,1.8,503,169,2.98,58.02%,1/7/2019
TXN,94.5,Call,120,1/17/2020,375,2.62,2.76,2.9,2.72,2001,672,2.98,23.85%,1/7/2019
ULTA,271,Call,285,1/18/2019,11,2.15,2.43,2.7,2.43,504,170,2.96,38.18%,1/7/2019
MU,34,Put,32.5,1/11/2019,4,0.3,0.31,0.31,0.3,1436,486,2.95,61.26%,1/7/2019
LW,70.55,Put,70,1/18/2019,11,1,1.13,1.25,1.11,2089,707,2.95,28.68%,1/7/2019
NVDA,143.4,Call,142,1/11/2019,4,4.55,4.7,4.85,4.73,3332,1129,2.95,66.55%,1/7/2019
BA,328.11,Put,310,1/11/2019,4,0.73,0.82,0.91,0.84,890,303,2.94,45.28%,1/7/2019
MA,191.22,Call,115,1/18/2019,11,75.9,76.23,76.55,77.1,1110,378,2.94,171.39%,1/7/2019
NVDA,143.4,Put,145,2/15/2019,39,12.1,12.23,12.35,12.2,2375,811,2.93,62.01%,1/7/2019
NBR,2.66,Put,2,2/15/2019,39,0.11,0.13,0.14,0.14,5007,1708,2.93,128.65%,1/7/2019
JPM,100.76,Call,104,1/11/2019,4,0.16,0.18,0.2,0.19,1080,370,2.92,26.77%,1/7/2019
AMZN,1629.51,Call,1640,1/11/2019,4,24.15,24.83,25.5,24.95,1504,515,2.92,43.46%,1/7/2019
FB,138.05,Put,136,1/11/2019,4,1.38,1.49,1.59,1.5,2143,733,2.92,42.01%,1/7/2019
AMD,20.57,Call,22.5,1/11/2019,4,0.21,0.22,0.22,0.22,2766,946,2.92,95.79%,1/7/2019
BUD,69.4,Put,60,3/15/2019,67,0.64,0.75,0.86,0.87,3427,1174,2.92,36.16%,1/7/2019
BMY,48.41,Call,57.5,3/15/2019,67,0.52,0.56,0.59,0.58,5085,1741,2.92,36.04%,1/7/2019
AXL,12.27,Put,12,1/18/2019,11,0.35,0.4,0.45,0.4,1293,445,2.91,62.95%,1/7/2019
NFLX,315.34,Call,307.5,1/11/2019,4,12.35,12.7,13.05,13.7,1369,471,2.91,70.68%,1/7/2019
AAPL,147.93,Call,141,1/11/2019,4,7.3,7.5,7.7,7.38,659,227,2.9,40.99%,1/7/2019
NVDA,143.4,Put,125,1/11/2019,4,0.11,0.13,0.15,0.12,1696,587,2.89,70.56%,1/7/2019
CGC,28.9,Call,31.5,1/11/2019,4,0.09,0.11,0.12,0.1,1035,359,2.88,64.75%,1/7/2019
V,136.06,Put,135,2/15/2019,39,4.5,4.6,4.7,4.51,575,202,2.85,29.60%,1/7/2019
AMZN,1629.51,Call,1590,1/11/2019,4,54,54.78,55.55,54,860,302,2.85,44.35%,1/7/2019
AAPL,147.93,Put,132,1/11/2019,4,0.05,0.06,0.06,0.06,1284,450,2.85,53.56%,1/7/2019
ADM,41.92,Call,45,1/18/2019,11,0.08,0.1,0.11,0.09,9213,3232,2.85,29.70%,1/7/2019
UTX,106.97,Call,120,1/17/2020,375,5.5,5.78,6.05,5.95,720,254,2.83,22.11%,1/7/2019
ROKU,42.18,Call,38.5,1/11/2019,4,4.1,4.18,4.25,4.16,764,270,2.83,102.13%,1/7/2019
TEVA,17.67,Put,17,1/11/2019,4,0.15,0.16,0.17,0.16,953,337,2.83,57.04%,1/7/2019
MU,34,Call,34,2/1/2019,25,1.86,1.91,1.96,1.91,578,205,2.82,52.92%,1/7/2019
CRM,142.22,Call,142,1/11/2019,4,2.37,2.51,2.65,2.66,617,219,2.82,42.55%,1/7/2019
BABA,143.1,Put,141,1/18/2019,11,2.94,3,3.05,2.92,989,351,2.82,40.01%,1/7/2019
MA,191.22,Call,110,1/18/2019,11,81,81.28,81.55,82.1,1200,425,2.82,184.42%,1/7/2019
NVDA,143.4,Put,135,1/11/2019,4,1.05,1.12,1.19,1.07,1473,523,2.82,67.66%,1/7/2019
TSLA,334.96,Call,360,1/11/2019,4,1.02,1.09,1.15,1.11,2145,761,2.82,56.35%,1/7/2019
AAL,32.95,Call,33.5,1/11/2019,4,0.47,0.5,0.53,0.63,1506,536,2.81,62.95%,1/7/2019
NVDA,143.4,Call,143,1/11/2019,4,4.05,4.15,4.25,4.2,1894,675,2.81,66.45%,1/7/2019
KR,27.92,Put,30,4/18/2019,101,3.1,3.15,3.2,3.15,851,304,2.8,34.89%,1/7/2019
CRM,142.22,Call,145,1/11/2019,4,1.16,1.21,1.25,1.25,972,348,2.79,39.52%,1/7/2019
NRP,38.61,Put,35,2/15/2019,39,0.95,1.05,1.15,1.15,751,270,2.78,54.32%,1/7/2019
FCAU,15.18,Call,20,6/21/2019,165,0.2,0.28,0.35,0.28,1566,563,2.78,35.39%,1/7/2019
AMZN,1629.51,Call,1615,1/11/2019,4,37.1,38.03,38.95,38.45,726,263,2.76,44.79%,1/7/2019
WFC,47.64,Put,45,1/11/2019,4,0.06,0.07,0.08,0.06,1003,363,2.76,37.76%,1/7/2019
BABA,143.1,Put,139,1/11/2019,4,1.08,1.12,1.16,1.08,1289,467,2.76,45.06%,1/7/2019
GE,8.74,Call,9.5,1/25/2019,18,0.13,0.14,0.15,0.14,2657,962,2.76,50.76%,1/7/2019
NVDA,143.4,Call,140,1/11/2019,4,5.75,5.9,6.05,5.94,6089,2207,2.76,67.32%,1/7/2019
NFLX,315.34,Call,305,1/11/2019,4,14.2,14.5,14.8,14.58,2525,917,2.75,64.42%,1/7/2019
AMZN,1629.51,Call,1600,1/11/2019,4,46.45,47.5,48.55,47.62,3781,1373,2.75,44.89%,1/7/2019
DLTR,97.96,Call,100,5/17/2019,130,6.2,6.45,6.7,6.4,720,263,2.74,29.39%,1/7/2019
FB,138.05,Put,137,1/11/2019,4,1.72,1.84,1.95,1.7,3447,1263,2.73,38.39%,1/7/2019
PEP,109.53,Call,110,3/15/2019,67,3.75,3.8,3.85,3.88,542,199,2.72,20.39%,1/7/2019
NVDA,143.4,Put,141,1/11/2019,4,2.72,2.79,2.86,2.6,615,226,2.72,62.24%,1/7/2019
JNJ,127.01,Put,120,1/11/2019,4,0.11,0.14,0.16,0.13,774,285,2.72,35.90%,1/7/2019
AMD,20.57,Call,20,2/1/2019,25,2.13,2.23,2.33,2.23,1236,456,2.71,90.45%,1/7/2019
AMD,20.57,Call,23,1/11/2019,4,0.13,0.14,0.14,0.14,3374,1243,2.71,94.45%,1/7/2019
TWTR,31.34,Put,28,1/11/2019,4,0.05,0.06,0.07,0.07,2113,786,2.69,73.11%,1/7/2019
NVDA,143.4,Call,150,2/15/2019,39,8.7,8.8,8.9,9.13,3154,1172,2.69,62.65%,1/7/2019
CPE,7.89,Call,8,1/18/2019,11,0.25,0.3,0.35,0.3,1133,423,2.68,63.49%,1/7/2019
TWTR,31.34,Put,30,1/11/2019,4,0.28,0.29,0.29,0.29,1469,548,2.68,61.53%,1/7/2019
GE,8.74,Call,10,2/1/2019,25,0.14,0.16,0.17,0.17,1568,584,2.68,61.09%,1/7/2019
PHM,28.21,Call,27.5,1/18/2019,11,1.07,1.15,1.23,1.03,625,234,2.67,30.68%,1/7/2019
X,20.45,Put,20,1/11/2019,4,0.34,0.36,0.37,0.35,1658,622,2.67,64.94%,1/7/2019
SNAP,6.21,Call,6,1/11/2019,4,0.28,0.29,0.29,0.28,6242,2339,2.67,59.22%,1/7/2019
AMZN,1629.51,Call,1750,1/11/2019,4,1.98,2.19,2.4,2.25,1444,543,2.66,44.82%,1/7/2019
MA,191.22,Call,130,1/18/2019,11,60.75,61.2,61.65,62.1,3002,1137,2.64,135.20%,1/7/2019
KO,46.95,Call,47,1/11/2019,4,0.36,0.4,0.43,0.42,656,249,2.63,22.28%,1/7/2019
PBR,15.06,Call,15.5,1/11/2019,4,0.13,0.15,0.17,0.16,1004,382,2.63,52.25%,1/7/2019
CDNS,43.42,Put,43,2/15/2019,39,1.55,1.68,1.8,1.5,500,191,2.62,31.38%,1/7/2019
SQ,60.72,Call,63,1/11/2019,4,0.76,0.79,0.81,0.83,735,281,2.62,67.00%,1/7/2019
VZ,56.72,Call,57.5,1/11/2019,4,0.08,0.1,0.12,0.09,907,349,2.6,14.47%,1/7/2019
TSLA,334.96,Call,335,1/11/2019,4,7.7,7.95,8.2,7.85,3222,1238,2.6,55.88%,1/7/2019
BX,31.13,Call,34,2/15/2019,39,0.36,0.4,0.43,0.4,683,264,2.59,32.03%,1/7/2019
PCG,18.95,Put,20,2/15/2019,39,2.95,3.03,3.1,3.05,779,302,2.58,100.10%,1/7/2019
BA,328.11,Call,340,1/11/2019,4,0.95,1.05,1.15,1.05,1133,439,2.58,34.50%,1/7/2019
PLUG,1.53,Call,1.5,1/11/2019,4,0.07,0.09,0.1,0.09,1802,700,2.57,116.66%,1/7/2019
JD,22.76,Call,18,3/15/2019,67,5.35,5.38,5.4,5.35,6125,2385,2.57,60.22%,1/7/2019
CLF,8.73,Call,8.5,2/1/2019,25,0.71,0.75,0.79,0.72,872,341,2.56,65.53%,1/7/2019
TSLA,334.96,Call,337.5,1/11/2019,4,6.5,6.65,6.8,6.8,1205,470,2.56,56.68%,1/7/2019
BABA,143.1,Put,140,1/11/2019,4,1.35,1.4,1.44,1.35,3307,1291,2.56,44.48%,1/7/2019
CGC,28.9,Call,30,1/11/2019,4,0.28,0.32,0.35,0.33,1217,480,2.54,61.24%,1/7/2019
X,20.45,Call,21,1/11/2019,4,0.31,0.33,0.35,0.35,2315,910,2.54,67.23%,1/7/2019
MIC,40.04,Call,45,4/18/2019,101,0.75,0.8,0.85,0.75,786,311,2.53,26.74%,1/7/2019
VZ,56.72,Put,57,1/18/2019,11,1.27,1.31,1.34,1.28,517,205,2.52,29.52%,1/7/2019
CGC,28.9,Call,40,3/15/2019,67,0.49,0.54,0.58,0.54,594,236,2.52,63.44%,1/7/2019
BA,328.11,Call,335,1/11/2019,4,2.14,2.24,2.34,2.25,765,304,2.52,35.50%,1/7/2019
V,136.06,Call,142,1/11/2019,4,0.03,0.1,0.17,0.12,529,211,2.51,27.26%,1/7/2019
NVDA,143.4,Put,145,1/11/2019,4,4.5,4.65,4.8,4.57,958,383,2.5,62.17%,1/7/2019
FB,138.05,Call,141,1/11/2019,4,0.95,1.01,1.07,0.99,2479,992,2.5,36.65%,1/7/2019
NVDA,143.4,Call,152.5,1/18/2019,11,2.4,2.46,2.51,2.52,1666,668,2.49,58.24%,1/7/2019
GE,8.74,Put,8.5,1/18/2019,11,0.22,0.23,0.24,0.23,3902,1566,2.49,56.93%,1/7/2019
HES,47.88,Put,27.5,1/18/2019,11,0,0.04,0.07,0.02,525,212,2.48,131.29%,1/7/2019
MA,191.22,Call,120,1/18/2019,11,71,71.3,71.6,72.15,14413,5816,2.48,160.86%,1/7/2019
AAPL,147.93,Call,155,1/11/2019,4,0.25,0.27,0.28,0.26,19291,7780,2.48,34.58%,1/7/2019
NVDA,143.4,Put,133,1/18/2019,11,2.08,2.13,2.17,2.1,630,256,2.46,62.09%,1/7/2019
HON,135.37,Call,138,1/25/2019,18,1.51,1.63,1.74,1.6,751,305,2.46,21.80%,1/7/2019
DB,8.7,Call,9,7/19/2019,193,0.95,1,1.04,0.98,754,307,2.46,41.69%,1/7/2019
TLRY,71.9,Call,55,6/21/2019,165,15.55,17.43,19.3,17.04,878,359,2.45,9.08%,1/7/2019
ROKU,42.18,Call,45,1/18/2019,11,1.32,1.39,1.45,1.36,3249,1327,2.45,83.24%,1/7/2019
MU,34,Call,34,1/11/2019,4,0.8,0.82,0.83,0.81,6576,2680,2.45,56.67%,1/7/2019
IQ,17.22,Call,17,1/11/2019,4,0.59,0.62,0.64,0.59,1760,725,2.43,65.60%,1/7/2019
ZNGA,4.07,Call,4.5,6/21/2019,165,0.25,0.27,0.28,0.27,1772,728,2.43,37.79%,1/7/2019
MDT,82.45,Put,75,2/15/2019,39,0.72,0.81,0.9,0.78,1086,448,2.42,32.13%,1/7/2019
TWLO,96.98,Put,88,1/11/2019,4,0.51,0.59,0.66,0.6,672,279,2.41,86.48%,1/7/2019
JNJ,127.01,Call,128,1/11/2019,4,0.89,0.96,1.03,1.15,1051,437,2.41,29.66%,1/7/2019
PBR,15.06,Call,15.5,1/18/2019,11,0.27,0.29,0.31,0.29,2808,1164,2.41,44.71%,1/7/2019
MA,191.22,Call,125,1/18/2019,11,65.65,66.13,66.6,67.1,3600,1494,2.41,146.84%,1/7/2019
UAA,18.67,Call,20,2/15/2019,39,0.96,0.99,1.02,1,524,218,2.4,61.77%,1/7/2019
INTC,47.44,Call,60,7/19/2019,193,0.55,0.59,0.62,0.59,1035,431,2.4,25.76%,1/7/2019
LCI,7.32,Call,7.5,1/18/2019,11,0.35,0.4,0.45,0.42,854,357,2.39,97.96%,1/7/2019
MU,34,Put,31,2/15/2019,39,1.09,1.1,1.1,1.1,3814,1594,2.39,55.14%,1/7/2019
TSLA,334.96,Call,327.5,1/11/2019,4,11.85,12.3,12.75,12.25,651,274,2.38,57.10%,1/7/2019
T,30.89,Call,32,1/25/2019,18,0.11,0.14,0.17,0.18,1327,557,2.38,20.03%,1/7/2019
FDX,166.73,Put,150,1/18/2019,11,0.27,0.3,0.33,0.31,2134,898,2.38,40.40%,1/7/2019
AMD,20.57,Call,21.5,1/18/2019,11,0.72,0.74,0.76,0.74,3070,1288,2.38,78.21%,1/7/2019
X,20.45,Call,22,1/11/2019,4,0.11,0.13,0.14,0.13,3971,1666,2.38,69.76%,1/7/2019
YY,65.27,Put,60,2/15/2019,39,1.95,2.05,2.15,2.13,513,217,2.36,53.10%,1/7/2019
CAT,128.23,Call,134,1/11/2019,4,0.39,0.44,0.49,0.4,602,255,2.36,39.34%,1/7/2019
PYPL,86.93,Call,86,1/11/2019,4,1.87,1.92,1.96,1.98,697,295,2.36,40.19%,1/7/2019
AAPL,147.93,Put,139,1/11/2019,4,0.25,0.27,0.28,0.27,3882,1645,2.36,44.21%,1/7/2019
MRK,75.43,Put,67,2/22/2019,46,0,2,4,0.42,610,260,2.35,29.00%,1/7/2019
NEM,33.97,Put,34,3/15/2019,67,1.76,1.79,1.81,1.73,1023,436,2.35,31.21%,1/7/2019
ROKU,42.18,Call,42,1/18/2019,11,2.56,2.61,2.66,2.6,2155,918,2.35,85.52%,1/7/2019
AAPL,147.93,Call,147,1/18/2019,11,4,4.1,4.2,4.1,2689,1145,2.35,34.72%,1/7/2019
NNBR,7.5,Call,7.5,1/18/2019,11,0.3,0.38,0.45,0.35,633,271,2.34,66.80%,1/7/2019
NS,23.18,Call,25,1/18/2019,11,0.05,0.1,0.15,0.12,651,278,2.34,39.97%,1/7/2019
FB,138.05,Call,140,1/11/2019,4,1.24,1.34,1.43,1.49,12315,5293,2.33,39.95%,1/7/2019
ZUO,19.49,Put,15,1/17/2020,375,2.5,2.63,2.75,2.5,501,216,2.32,67.91%,1/7/2019
DIS,110.56,Call,114,1/11/2019,4,0.1,0.13,0.15,0.15,508,220,2.31,23.73%,1/7/2019
X,20.45,Put,20.5,1/11/2019,4,0.54,0.57,0.59,0.55,1106,479,2.31,61.78%,1/7/2019
NFLX,315.34,Put,285,1/11/2019,4,0.78,0.85,0.92,0.84,1482,642,2.31,70.17%,1/7/2019
PBR,15.06,Call,17,1/25/2019,18,0.08,0.1,0.11,0.15,1501,650,2.31,52.81%,1/7/2019
BABA,143.1,Call,143,1/11/2019,4,2.7,2.75,2.8,2.86,1763,764,2.31,46.65%,1/7/2019
NVDA,143.4,Call,144,1/18/2019,11,5.6,5.68,5.75,5.9,565,246,2.3,61.68%,1/7/2019
WFC,47.64,Put,46,1/18/2019,11,0.6,0.63,0.65,0.61,1528,665,2.3,39.46%,1/7/2019
XOM,71.52,Put,67.5,3/15/2019,67,1.68,1.73,1.77,1.66,2148,932,2.3,28.85%,1/7/2019
FB,138.05,Call,140,2/1/2019,25,5.65,5.9,6.15,5.82,2332,1014,2.3,45.67%,1/7/2019
MU,34,Put,33.5,1/11/2019,4,0.58,0.59,0.6,0.58,1498,658,2.28,57.48%,1/7/2019
FND,29.26,Call,30,1/18/2019,11,0.9,1.18,1.45,1.2,1970,869,2.27,74.66%,1/7/2019
TSLA,334.96,Call,360,2/1/2019,25,9.5,10.2,10.9,10.1,533,236,2.26,55.09%,1/7/2019
NVDA,143.4,Put,133,1/11/2019,4,0.73,0.76,0.79,0.7,588,260,2.26,67.20%,1/7/2019
GRPN,3.5,Call,4,7/19/2019,193,0.29,0.32,0.34,0.32,1652,730,2.26,47.48%,1/7/2019
CAT,128.23,Put,65,2/15/2019,39,0,0.02,0.04,0.04,1696,750,2.26,81.56%,1/7/2019
WDC,38.48,Call,42,1/18/2019,11,0.27,0.29,0.31,0.26,777,345,2.25,48.10%,1/7/2019
BA,328.11,Call,337.5,1/11/2019,4,1.46,1.55,1.63,1.59,1089,483,2.25,35.21%,1/7/2019
T,30.89,Call,31.5,1/25/2019,18,0.2,0.24,0.27,0.29,2257,1001,2.25,18.99%,1/7/2019
RCL,101.83,Call,110,2/15/2019,39,2.4,2.54,2.68,2.6,5419,2404,2.25,41.19%,1/7/2019
SYF,25.37,Call,25.5,1/18/2019,11,0.55,0.7,0.85,0.75,538,240,2.24,45.58%,1/7/2019
FCX,11,Put,11,1/11/2019,4,0.24,0.26,0.27,0.28,810,362,2.24,61.36%,1/7/2019
T,30.89,Call,31,1/11/2019,4,0.15,0.17,0.18,0.18,5870,2625,2.24,17.52%,1/7/2019
ALXN,107.94,Put,105,1/17/2020,375,14.3,14.75,15.2,14.74,510,229,2.23,41.88%,1/7/2019
CAT,128.23,Call,131,1/11/2019,4,1.08,1.16,1.24,1.1,674,304,2.22,40.65%,1/7/2019
BCS,7.96,Call,6,3/15/2019,67,2,2.08,2.15,2.05,1000,450,2.22,49.25%,1/7/2019
DRYS,6.75,Call,7.5,2/15/2019,39,0.25,0.28,0.3,0.3,1668,754,2.21,64.19%,1/7/2019
ET,14.46,Put,14,2/15/2019,39,0.52,0.55,0.57,0.54,2236,1013,2.21,41.38%,1/7/2019
V,136.06,Call,137,1/11/2019,4,1.2,1.32,1.43,1.35,977,445,2.2,30.90%,1/7/2019
AAPL,147.93,Put,142,1/11/2019,4,0.53,0.57,0.6,0.59,3821,1740,2.2,41.83%,1/7/2019
TSLA,334.96,Call,330,1/11/2019,4,10.45,10.73,11,10.7,4564,2074,2.2,56.98%,1/7/2019
AMRN,14.07,Call,14.5,1/18/2019,11,0.54,0.59,0.64,0.52,598,273,2.19,71.76%,1/7/2019
BAC,25.56,Call,23.5,2/1/2019,25,2.3,2.37,2.43,2.39,523,240,2.18,39.23%,1/7/2019
BAC,25.56,Call,26.5,2/8/2019,32,0.55,0.57,0.59,0.59,581,267,2.18,31.39%,1/7/2019
MA,191.22,Call,50,1/18/2019,11,140.7,141.13,141.55,142.05,750,344,2.18,412.36%,1/7/2019
AG,6.06,Put,6,2/15/2019,39,0.35,0.4,0.45,0.4,500,230,2.17,55.92%,1/7/2019
ETN,68.73,Call,72.5,2/15/2019,39,1,1.08,1.15,1.3,508,234,2.17,29.49%,1/7/2019
MRK,75.43,Put,67.5,2/22/2019,46,0,2.03,4.05,0.45,600,277,2.17,28.29%,1/7/2019
AMZN,1629.51,Call,1635,1/11/2019,4,26.75,27.35,27.95,28.5,653,301,2.17,45.36%,1/7/2019
OSTK,15.28,Call,17,1/18/2019,11,0.4,0.45,0.5,0.45,813,374,2.17,98.51%,1/7/2019
CTL,16.3,Put,16.5,1/18/2019,11,0.5,0.55,0.6,0.5,1144,528,2.17,35.29%,1/7/2019
BAC,25.56,Call,26,1/25/2019,18,0.53,0.56,0.58,0.56,10692,4936,2.17,32.59%,1/7/2019
JPM,100.76,Call,101,1/11/2019,4,1.08,1.11,1.14,1.11,1288,599,2.15,28.74%,1/7/2019
SQ,60.72,Put,59,1/18/2019,11,1.86,1.91,1.95,1.82,542,253,2.14,63.05%,1/7/2019
BABA,143.1,Call,148,1/18/2019,11,1.96,2.01,2.05,2.03,973,454,2.14,39.37%,1/7/2019
FB,138.05,Call,137,1/11/2019,4,2.77,2.94,3.1,2.78,3884,1817,2.14,38.13%,1/7/2019
BABA,143.1,Call,147,1/11/2019,4,1.07,1.11,1.15,1.17,948,446,2.13,44.00%,1/7/2019
BABA,143.1,Call,144,1/18/2019,11,3.55,3.63,3.7,3.73,1133,531,2.13,41.31%,1/7/2019
PCG,18.95,Put,19,1/18/2019,11,1.6,1.73,1.85,1.6,1230,577,2.13,120.77%,1/7/2019
FDX,166.73,Call,167.5,1/11/2019,4,1.97,2.06,2.14,2,705,332,2.12,33.54%,1/7/2019
T,30.89,Put,30.5,1/18/2019,11,0.53,0.56,0.59,0.54,2422,1142,2.12,34.35%,1/7/2019
PE,18.12,Call,20,3/15/2019,67,0.95,1,1.05,1.03,3953,1868,2.12,54.86%,1/7/2019
AMRN,14.07,Call,14.5,1/11/2019,4,0.2,0.27,0.33,0.32,719,341,2.11,84.59%,1/7/2019
TWTR,31.34,Call,39,2/15/2019,39,0.48,0.49,0.5,0.49,727,346,2.1,60.82%,1/7/2019
SQ,60.72,Call,62.5,1/11/2019,4,0.91,0.94,0.97,0.92,1223,583,2.1,64.27%,1/7/2019
INTC,47.44,Put,46.5,1/18/2019,11,0.69,0.71,0.73,0.68,1326,632,2.1,33.90%,1/7/2019
TSLA,334.96,Put,290,8/16/2019,221,36.65,36.93,37.2,36.75,602,288,2.09,61.45%,1/7/2019
RIG,8.28,Call,8.5,1/11/2019,4,0.14,0.15,0.16,0.15,1607,769,2.09,69.48%,1/7/2019
MSFT,102.06,Call,102,1/11/2019,4,1.55,1.6,1.64,1.6,5511,2632,2.09,36.45%,1/7/2019
MSFT,102.06,Call,106,1/11/2019,4,0.23,0.25,0.26,0.27,3931,1893,2.08,33.70%,1/7/2019
HUN,20.72,Call,23,2/15/2019,39,0.3,0.35,0.4,0.38,506,245,2.07,41.04%,1/7/2019
CDNS,43.42,Call,43,2/15/2019,39,2.15,2.25,2.35,2.2,510,246,2.07,33.95%,1/7/2019
IQ,17.22,Call,18,1/18/2019,11,0.43,0.45,0.46,0.47,719,347,2.07,65.19%,1/7/2019
MSFT,102.06,Put,80,7/19/2019,193,1.91,2.06,2.21,1.98,1010,488,2.07,36.00%,1/7/2019
XOM,71.52,Put,71,1/11/2019,4,0.54,0.57,0.59,0.51,564,274,2.06,25.22%,1/7/2019
PCG,18.95,Put,18,3/15/2019,67,2.65,2.83,3,2.8,1120,544,2.06,105.63%,1/7/2019
BABA,143.1,Put,137,1/11/2019,4,0.65,0.7,0.75,0.63,1714,831,2.06,45.14%,1/7/2019
GPRO,4.63,Call,5,2/15/2019,39,0.38,0.41,0.44,0.41,714,348,2.05,91.25%,1/7/2019
TLRY,71.9,Call,70,1/11/2019,4,2.37,2.76,3.15,2.95,763,373,2.05,61.79%,1/7/2019
CRON,12.4,Put,11.5,1/11/2019,4,0.12,0.13,0.14,0.13,1437,706,2.04,88.78%,1/7/2019
C,55.61,Call,65,3/15/2019,67,0.29,0.31,0.33,0.31,10500,5159,2.04,26.90%,1/7/2019
AAPL,147.93,Call,140,1/11/2019,4,8.2,8.38,8.55,8.25,1941,954,2.03,40.53%,1/7/2019
NVDA,143.4,Put,130,1/11/2019,4,0.39,0.42,0.45,0.39,2677,1316,2.03,68.90%,1/7/2019
MA,191.22,Call,135,1/18/2019,11,55.6,56.13,56.65,57,728,360,2.02,120.45%,1/7/2019
INTC,47.44,Put,47,1/11/2019,4,0.57,0.6,0.62,0.6,1478,733,2.02,40.95%,1/7/2019
BMY,48.41,Call,52.5,4/18/2019,101,1.9,2.03,2.16,2.1,1107,551,2.01,34.59%,1/7/2019
AAPL,147.93,Call,149,1/11/2019,4,1.78,1.82,1.85,1.8,5618,2798,2.01,36.69%,1/7/2019
SYF,25.37,Call,25.5,1/11/2019,4,0.3,0.38,0.45,0.5,629,315,2,52.61%,1/7/2019
AAPL,147.93,Call,147,2/1/2019,25,6.35,6.45,6.55,6.4,850,424,2,37.49%,1/7/2019
ADNT,16.37,Put,19,2/15/2019,39,3.1,3.25,3.4,4.3,1000,500,2,124.06%,1/7/2019
AMD,20.57,Call,19.5,1/18/2019,11,1.71,1.75,1.78,1.78,2464,1229,2,83.42%,1/7/2019
AAPL,147.93,Put,130,1/11/2019,4,0.03,0.04,0.04,0.04,3292,1646,2,56.27%,1/7/2019
AAPL,147.93,Call,148,1/18/2019,11,3.45,3.55,3.65,3.55,3388,1698,2,34.36%,1/7/2019
TSLA,334.96,Put,300,1/11/2019,4,0.55,0.57,0.59,0.57,3710,1857,2,67.62%,1/7/2019
TSLA,334.96,Put,302.5,1/11/2019,4,0.64,0.69,0.74,0.69,584,294,1.99,66.36%,1/7/2019
PODD,74.21,Call,80,2/15/2019,39,2.5,2.8,3.1,2.65,597,300,1.99,49.20%,1/7/2019
AKS,2.57,Call,3,1/11/2019,4,0.01,0.02,0.02,0.02,831,418,1.99,122.88%,1/7/2019
FB,138.05,Put,135,1/11/2019,4,1.07,1.18,1.29,1.21,3207,1608,1.99,43.03%,1/7/2019
AMZN,1629.51,Call,1660,1/11/2019,4,15.45,16.63,17.8,16.85,874,441,1.98,42.86%,1/7/2019
CVS,68.61,Put,75,5/17/2019,130,8.7,8.8,8.9,8.6,1173,591,1.98,31.47%,1/7/2019
AAPL,147.93,Put,150,1/11/2019,4,3.3,3.38,3.45,3.4,4078,2056,1.98,36.12%,1/7/2019
VALE,13.83,Call,15.5,1/18/2019,11,0.04,0.05,0.06,0.06,501,254,1.97,50.59%,1/7/2019
HUN,20.72,Call,22,2/15/2019,39,0.55,0.63,0.7,0.69,525,267,1.97,43.17%,1/7/2019
AAPL,147.93,Put,134,1/11/2019,4,0.07,0.08,0.08,0.08,616,313,1.97,49.76%,1/7/2019
DDD,10.84,Call,11,1/18/2019,11,0.37,0.41,0.45,0.42,1169,597,1.96,65.04%,1/7/2019
INTC,47.44,Call,49,1/11/2019,4,0.18,0.2,0.22,0.22,2902,1484,1.96,37.42%,1/7/2019
SQ,60.72,Call,59,1/11/2019,4,2.64,2.71,2.78,2.7,977,501,1.95,67.63%,1/7/2019
AAPL,147.93,Put,147,1/18/2019,11,2.94,3.05,3.15,3.05,4950,2535,1.95,34.84%,1/7/2019
NVDA,143.4,Call,145,2/15/2019,39,10.95,11.08,11.2,11.12,3240,1671,1.94,62.32%,1/7/2019
MU,34,Call,35,1/11/2019,4,0.39,0.4,0.41,0.4,4517,2334,1.94,55.47%,1/7/2019
TME,12.81,Put,12,2/15/2019,39,0.8,0.88,0.95,0.9,522,271,1.93,79.48%,1/7/2019
WFC,47.64,Call,48.5,1/11/2019,4,0.25,0.28,0.31,0.3,1010,525,1.92,31.63%,1/7/2019
SQ,60.72,Call,65,1/11/2019,4,0.34,0.36,0.38,0.39,1301,677,1.92,66.94%,1/7/2019
VZ,56.72,Put,56.5,1/18/2019,11,0.97,1.01,1.04,0.93,650,341,1.91,27.05%,1/7/2019
TGT,69.68,Put,65,2/15/2019,39,1.24,1.28,1.32,1.25,1178,616,1.91,35.39%,1/7/2019
DGX,82.64,Call,85,1/18/2019,11,0.7,0.78,0.85,0.9,1775,927,1.91,31.34%,1/7/2019
DIS,110.56,Call,111,1/11/2019,4,0.91,0.94,0.96,0.92,564,297,1.9,24.00%,1/7/2019
BA,328.11,Put,320,1/11/2019,4,2.26,2.42,2.58,2.35,687,362,1.9,40.73%,1/7/2019
BBBY,12.08,Call,12,1/11/2019,4,0.91,0.96,1,1,1056,557,1.9,190.76%,1/7/2019
AVGO,237.98,Call,270,4/18/2019,101,5.9,6.05,6.2,6.05,3490,1838,1.9,32.00%,1/7/2019
MU,34,Call,36.5,1/11/2019,4,0.1,0.12,0.13,0.1,1538,815,1.89,53.88%,1/7/2019
AMD,20.57,Call,20,1/11/2019,4,1.15,1.16,1.16,1.16,14367,7600,1.89,99.28%,1/7/2019
JNJ,127.01,Call,130,1/11/2019,4,0.35,0.36,0.37,0.35,1730,922,1.88,24.93%,1/7/2019
BABA,143.1,Put,136,1/11/2019,4,0.53,0.56,0.59,0.5,566,303,1.87,46.15%,1/7/2019
ROKU,42.18,Call,46,1/18/2019,11,1.03,1.1,1.16,1.1,1015,542,1.87,83.92%,1/7/2019
KKR,20.69,Put,20,1/18/2019,11,0.3,0.33,0.35,0.35,2073,1106,1.87,45.67%,1/7/2019
CAT,128.23,Put,125,1/11/2019,4,1.1,1.18,1.25,1.1,577,310,1.86,45.16%,1/7/2019
TWTR,31.34,Put,29.5,1/11/2019,4,0.18,0.2,0.21,0.25,774,416,1.86,69.58%,1/7/2019
NVDA,143.4,Call,146,1/11/2019,4,2.67,2.74,2.8,2.75,1607,865,1.86,64.46%,1/7/2019
IQ,17.22,Call,17,1/18/2019,11,0.86,0.88,0.9,0.87,2289,1229,1.86,63.06%,1/7/2019
BIDU,162.6,Call,165,1/11/2019,4,1.8,1.93,2.05,2,1327,719,1.85,44.30%,1/7/2019
NVDA,143.4,Call,140,1/25/2019,18,8.85,9.05,9.25,9.27,958,520,1.84,58.45%,1/7/2019
TGT,69.68,Call,72,1/18/2019,11,0.98,1.03,1.07,1.04,1143,623,1.83,40.09%,1/7/2019
AMAT,34.3,Call,35,2/15/2019,39,1.71,1.75,1.78,1.83,700,385,1.82,46.85%,1/7/2019
MA,191.22,Call,140,1/18/2019,11,50.6,51.13,51.65,52.15,2180,1200,1.82,114.57%,1/7/2019
BAC,25.56,Put,22,3/15/2019,67,0.33,0.35,0.36,0.34,4924,2717,1.81,37.66%,1/7/2019
NVDA,143.4,Put,124,1/18/2019,11,0.68,0.71,0.74,0.67,532,295,1.8,64.50%,1/7/2019
T,30.89,Call,32,1/11/2019,4,0.02,0.03,0.03,0.03,1235,687,1.8,24.11%,1/7/2019
TSLA,334.96,Put,310,1/11/2019,4,1.23,1.28,1.32,1.32,1875,1039,1.8,64.13%,1/7/2019
DDD,10.84,Call,11,1/11/2019,4,0.17,0.23,0.28,0.26,574,320,1.79,72.91%,1/7/2019
GE,8.74,Put,9,2/15/2019,39,0.75,0.77,0.78,0.75,847,473,1.79,54.41%,1/7/2019
TEVA,17.67,Put,17.5,1/11/2019,4,0.29,0.32,0.34,0.29,922,515,1.79,50.57%,1/7/2019
CSX,62.45,Call,62.5,2/15/2019,39,2.83,2.92,3,2.98,1301,727,1.79,35.73%,1/7/2019
X,20.45,Put,21,4/18/2019,101,2.29,2.33,2.36,2.17,4095,2290,1.79,45.72%,1/7/2019
NFLX,315.34,Put,310,2/15/2019,39,22.2,22.45,22.7,21.83,523,293,1.78,61.18%,1/7/2019
NFLX,315.34,Call,302.5,1/11/2019,4,15.75,16.25,16.75,16.83,699,392,1.78,69.06%,1/7/2019
BIDU,162.6,Call,170,1/18/2019,11,1.9,1.95,2,1.89,1876,1054,1.78,40.33%,1/7/2019
MSFT,102.06,Put,101,1/11/2019,4,1.05,1.1,1.15,1.1,2613,1472,1.78,37.44%,1/7/2019
AABA,59.64,Call,65,2/15/2019,39,0.81,0.92,1.02,1,569,322,1.77,35.42%,1/7/2019
AAPL,147.93,Put,125,2/1/2019,25,0.4,0.5,0.6,0.58,573,323,1.77,46.04%,1/7/2019
NTNX,44.92,Call,42.5,4/18/2019,101,6.8,6.95,7.1,7,605,342,1.77,60.53%,1/7/2019
FB,138.05,Put,134,1/11/2019,4,0.88,0.93,0.98,0.94,1393,787,1.77,43.40%,1/7/2019
BABA,143.1,Call,150,2/1/2019,25,3.9,3.98,4.05,4.05,1638,927,1.77,44.83%,1/7/2019
F,8.29,Put,8.5,1/18/2019,11,0.35,0.36,0.37,0.36,1795,1012,1.77,42.28%,1/7/2019
MU,34,Put,31,4/18/2019,101,2.2,2.24,2.27,2.18,6165,3485,1.77,52.82%,1/7/2019
PYPL,86.93,Call,87.5,1/11/2019,4,1.04,1.08,1.12,1.17,548,314,1.75,39.11%,1/7/2019
MA,191.22,Call,145,1/18/2019,11,46,46.33,46.65,47.15,1202,688,1.75,103.83%,1/7/2019
BMY,48.41,Put,43,6/21/2019,165,2,2.08,2.15,1.95,2514,1439,1.75,35.40%,1/7/2019
AMD,20.57,Put,16,3/15/2019,67,0.76,0.78,0.8,0.78,1395,800,1.74,78.78%,1/7/2019
C,55.61,Call,56,1/11/2019,4,0.64,0.67,0.7,0.76,1816,1043,1.74,40.09%,1/7/2019
NFLX,315.34,Put,175,1/17/2020,375,5.5,7.95,10.4,7.85,2520,1449,1.74,53.77%,1/7/2019
TEVA,17.67,Call,26,3/15/2019,67,0.05,0.08,0.11,0.06,5213,2991,1.74,48.77%,1/7/2019
CHK,2.37,Call,2.5,1/11/2019,4,0.03,0.04,0.05,0.04,5569,3209,1.74,88.83%,1/7/2019
BABA,143.1,Call,145,1/11/2019,4,1.77,1.79,1.81,1.98,6199,3558,1.74,46.72%,1/7/2019
T,30.89,Put,31,1/11/2019,4,0.69,0.72,0.74,0.64,905,524,1.73,45.57%,1/7/2019
ZUO,19.49,Call,25,6/21/2019,165,1.55,1.63,1.7,1.66,1794,1040,1.73,62.96%,1/7/2019
SQ,60.72,Call,62,1/11/2019,4,1.1,1.12,1.14,1.11,1059,617,1.72,64.98%,1/7/2019
MSFT,102.06,Put,99.5,1/11/2019,4,0.63,0.67,0.7,0.65,815,478,1.71,38.70%,1/7/2019
NFLX,315.34,Put,280,1/11/2019,4,0.5,0.55,0.6,0.55,3075,1799,1.71,72.18%,1/7/2019
CROX,29.17,Call,30,1/18/2019,11,0.8,0.9,1,0.84,635,374,1.7,58.57%,1/7/2019
AAPL,147.93,Put,138,1/18/2019,11,0.67,0.7,0.73,0.71,692,408,1.7,38.36%,1/7/2019
AAL,32.95,Call,33,1/11/2019,4,0.7,0.74,0.78,0.92,917,539,1.7,68.25%,1/7/2019
BKS,7.57,Call,8,2/15/2019,39,0.4,0.45,0.5,0.45,1781,1049,1.7,62.46%,1/7/2019
ADSK,132.72,Put,115,1/18/2019,11,0.46,0.71,0.95,0.47,2765,1624,1.7,59.46%,1/7/2019
AMD,20.57,Put,18.5,1/11/2019,4,0.18,0.19,0.19,0.19,5480,3233,1.7,105.07%,1/7/2019
MSFT,102.06,Call,103,1/11/2019,4,1.05,1.11,1.16,1.07,5544,3257,1.7,34.55%,1/7/2019
TSLA,334.96,Call,357.5,1/11/2019,4,1.28,1.34,1.4,1.39,727,430,1.69,56.17%,1/7/2019
NFLX,315.34,Put,275,1/11/2019,4,0.3,0.38,0.45,0.34,2067,1223,1.69,73.61%,1/7/2019
FCAU,15.18,Put,10,1/17/2020,375,0.35,0.4,0.45,0.4,19393,11456,1.69,42.59%,1/7/2019
SBUX,63.57,Put,63,1/18/2019,11,0.8,0.83,0.86,0.76,701,418,1.68,23.82%,1/7/2019
HCHC,3.09,Call,5,8/16/2019,221,0.2,0.33,0.45,0.35,500,300,1.67,84.25%,1/7/2019
PEP,109.53,Call,115,2/15/2019,39,1.12,1.16,1.19,1.21,845,505,1.67,21.36%,1/7/2019
FB,138.05,Call,139,1/11/2019,4,1.7,1.78,1.86,1.68,2624,1570,1.67,36.33%,1/7/2019
GE,8.74,Call,8.5,1/11/2019,4,0.36,0.37,0.37,0.37,31787,19077,1.67,63.46%,1/7/2019
MS,41.71,Call,42,1/11/2019,4,0.48,0.52,0.56,0.57,631,379,1.66,40.03%,1/7/2019
DAL,47.85,Call,50,1/11/2019,4,0.09,0.12,0.14,0.16,677,408,1.66,40.22%,1/7/2019
DAL,47.85,Put,47,1/11/2019,4,0.41,0.47,0.53,0.44,807,485,1.66,40.36%,1/7/2019
T,30.89,Put,29.5,1/18/2019,11,0.2,0.21,0.22,0.22,1103,664,1.66,34.27%,1/7/2019
MU,34,Call,33.5,1/11/2019,4,1.07,1.1,1.12,1.11,4237,2548,1.66,58.88%,1/7/2019
ADNT,16.37,Call,17,3/15/2019,67,1.75,1.78,1.8,1.75,551,333,1.65,70.86%,1/7/2019
AMZN,1629.51,Call,1580,1/11/2019,4,60.55,61.63,62.7,63.93,879,532,1.65,49.36%,1/7/2019
X,20.45,Put,19.5,1/11/2019,4,0.2,0.22,0.23,0.2,1298,785,1.65,66.10%,1/7/2019
AAPL,147.93,Put,138,1/11/2019,4,0.17,0.2,0.22,0.2,1778,1079,1.65,44.72%,1/7/2019
CELG,87.52,Put,75,1/15/2021,739,4.65,5.83,7,5.25,564,343,1.64,26.62%,1/7/2019
DO,11.16,Put,10,6/21/2019,165,1.2,1.23,1.26,1.24,3049,1859,1.64,64.92%,1/7/2019
JPM,100.76,Call,103,1/11/2019,4,0.35,0.37,0.39,0.37,1223,752,1.63,27.09%,1/7/2019
X,20.45,Call,21.5,1/11/2019,4,0.19,0.21,0.22,0.24,2634,1615,1.63,71.80%,1/7/2019
AMZN,1629.51,Put,1510,1/11/2019,4,2.74,2.95,3.15,2.97,536,333,1.61,51.49%,1/7/2019
ROKU,42.18,Put,29,3/15/2019,67,1.07,1.16,1.25,1.25,651,405,1.61,93.07%,1/7/2019
CRBP,7.8,Call,7.5,7/19/2019,193,1.85,1.98,2.1,1.95,1031,639,1.61,79.84%,1/7/2019
SQ,60.72,Put,57.5,1/11/2019,4,0.58,0.61,0.64,0.61,623,390,1.6,72.15%,1/7/2019
AAPL,147.93,Put,137,1/11/2019,4,0.12,0.15,0.17,0.16,1142,712,1.6,46.06%,1/7/2019
BMY,48.41,Call,67.5,6/21/2019,165,0.42,0.54,0.65,0.54,1736,1088,1.6,35.04%,1/7/2019
SGMS,19.66,Call,24,1/18/2019,11,0.15,0.2,0.25,0.15,500,315,1.59,87.88%,1/7/2019
CGC,28.9,Call,29,1/11/2019,4,0.62,0.67,0.72,0.66,995,627,1.59,58.27%,1/7/2019
NFLX,315.34,Call,300,1/11/2019,4,17.65,18.18,18.7,18.6,3095,1942,1.59,68.62%,1/7/2019
NVDA,143.4,Call,142,1/18/2019,11,6.6,6.73,6.85,6.77,624,396,1.58,60.52%,1/7/2019
KBH,21,Put,16,1/18/2019,11,0,0.04,0.07,0.04,807,515,1.57,87.49%,1/7/2019
NVDA,143.4,Put,120,2/15/2019,39,3.45,3.53,3.6,3.45,1813,1156,1.57,68.49%,1/7/2019
BBD,10.85,Put,11,3/15/2019,67,0.8,0.82,0.83,0.8,672,432,1.56,40.55%,1/7/2019
NFLX,315.34,Put,287.5,1/11/2019,4,0.96,1.04,1.11,0.93,724,464,1.56,67.27%,1/7/2019
TLRY,71.9,Call,72,1/11/2019,4,1.57,1.86,2.14,1.8,726,464,1.56,61.19%,1/7/2019
MTCH,43.37,Put,23,6/21/2019,165,0.35,0.5,0.65,0.53,885,567,1.56,69.07%,1/7/2019
NVDA,143.4,Put,139,1/11/2019,4,2.03,2.13,2.22,2.07,950,610,1.56,66.09%,1/7/2019
ABT,69.13,Call,72.5,5/17/2019,130,2.53,2.63,2.73,2.6,987,633,1.56,22.44%,1/7/2019
XOM,71.52,Call,72,1/11/2019,4,0.56,0.59,0.61,0.68,1017,651,1.56,29.69%,1/7/2019
TSLA,334.96,Call,370,1/11/2019,4,0.43,0.48,0.52,0.44,505,325,1.55,57.51%,1/7/2019
SQ,60.72,Put,59,1/11/2019,4,0.96,1,1.03,0.93,552,355,1.55,66.29%,1/7/2019
MU,34,Put,24,1/11/2019,4,0,0.01,0.02,0.01,621,401,1.55,136.79%,1/7/2019
COST,207,Call,210,1/11/2019,4,1.39,1.49,1.59,1.58,827,533,1.55,32.23%,1/7/2019
INTC,47.44,Call,50,7/19/2019,193,2.94,3,3.05,2.99,1109,714,1.55,27.25%,1/7/2019
QCOM,56.44,Call,58.5,1/18/2019,11,0.4,0.45,0.5,0.5,1621,1044,1.55,31.60%,1/7/2019
SBUX,63.57,Put,64,1/11/2019,4,0.86,0.93,1,0.95,664,432,1.54,27.30%,1/7/2019
BAC,25.56,Put,25,8/16/2019,221,1.85,1.88,1.91,1.89,795,517,1.54,30.41%,1/7/2019
ATVI,48.5,Call,55,1/17/2020,375,5.25,5.33,5.4,5.3,1302,844,1.54,36.53%,1/7/2019
MS,41.71,Put,40,2/15/2019,39,1.21,1.23,1.25,1.19,2089,1355,1.54,37.14%,1/7/2019
JNJ,127.01,Call,131,1/18/2019,11,0.62,0.67,0.72,0.75,785,512,1.53,24.13%,1/7/2019
GPS,26.57,Call,26,1/11/2019,4,0.7,0.76,0.81,0.83,856,561,1.53,44.38%,1/7/2019
AAPL,147.93,Call,149,1/18/2019,11,2.93,3.02,3.1,2.99,2171,1416,1.53,33.46%,1/7/2019
BKS,7.57,Call,8,3/15/2019,67,0.65,0.7,0.75,0.75,2889,1891,1.53,70.40%,1/7/2019
MA,191.22,Put,180,1/18/2019,11,1.05,1.16,1.27,1.04,5280,3446,1.53,36.51%,1/7/2019
CLF,8.73,Put,7,1/17/2020,375,1.02,1.05,1.08,1.05,5469,3574,1.53,60.59%,1/7/2019
BABA,143.1,Call,143,1/18/2019,11,4.05,4.15,4.25,4.25,573,376,1.52,41.76%,1/7/2019
ROKU,42.18,Call,40,2/15/2019,39,5.05,5.33,5.6,5.21,723,476,1.52,74.02%,1/7/2019
BAC,25.56,Call,28,3/15/2019,67,0.39,0.4,0.41,0.4,21137,13894,1.52,26.69%,1/7/2019
GE,8.74,Put,15,3/15/2019,67,6.2,6.28,6.35,6.23,602,400,1.51,70.31%,1/7/2019
WFC,47.64,Call,55,3/15/2019,67,0.19,0.21,0.23,0.19,11738,7787,1.51,23.20%,1/7/2019
VGR,10.56,Call,12.5,2/15/2019,39,0.1,0.15,0.2,0.15,708,471,1.5,49.75%,1/7/2019
NVDA,143.4,Put,137,1/11/2019,4,1.48,1.53,1.57,1.5,776,516,1.5,66.73%,1/7/2019
FB,138.05,Call,138,1/18/2019,11,3.45,3.6,3.75,3.55,1323,882,1.5,36.24%,1/7/2019
JPM,100.76,Put,93,1/11/2019,4,0.02,0.03,0.04,0.03,1723,1151,1.5,37.86%,1/7/2019
MS,41.71,Call,47,3/15/2019,67,0.49,0.52,0.55,0.58,10805,7218,1.5,29.93%,1/7/2019
INTC,47.44,Call,48,1/25/2019,18,1.43,1.48,1.53,1.53,645,434,1.49,41.77%,1/7/2019
ABC,74.75,Put,100,1/17/2020,375,25.4,26,26.6,25.5,901,604,1.49,31.95%,1/7/2019
AMD,20.57,Call,22.5,1/18/2019,11,0.42,0.44,0.45,0.45,1810,1211,1.49,78.20%,1/7/2019
HD,177.04,Put,167.5,1/11/2019,4,0.16,0.19,0.21,0.17,580,391,1.48,34.72%,1/7/2019
SQ,60.72,Call,64,1/11/2019,4,0.52,0.54,0.55,0.51,821,555,1.48,63.51%,1/7/2019
TSLA,334.96,Put,305,1/11/2019,4,0.77,0.87,0.96,0.84,1833,1238,1.48,65.20%,1/7/2019
GLUU,8.47,Call,9,1/18/2019,11,0.15,0.18,0.2,0.15,2789,1879,1.48,58.08%,1/7/2019
AAPL,147.93,Put,137,1/18/2019,11,0.56,0.59,0.61,0.58,625,424,1.47,38.57%,1/7/2019
TSLA,334.96,Put,295,1/11/2019,4,0.38,0.4,0.42,0.38,1106,752,1.47,69.88%,1/7/2019
VZ,56.72,Call,58,1/18/2019,11,0.17,0.19,0.21,0.2,1364,928,1.47,15.95%,1/7/2019
IDTI,48.06,Call,48,2/15/2019,39,0.1,0.5,0.9,0.85,600,411,1.46,11.82%,1/7/2019
FB,138.05,Put,132,1/11/2019,4,0.47,0.55,0.63,0.53,899,616,1.46,43.77%,1/7/2019
AMD,20.57,Call,23.5,1/11/2019,4,0.08,0.09,0.09,0.09,1630,1119,1.46,94.43%,1/7/2019
FB,138.05,Call,146,1/11/2019,4,0.15,0.18,0.21,0.2,2071,1423,1.46,37.67%,1/7/2019
WFC,47.64,Call,52.5,3/15/2019,67,0.5,0.52,0.54,0.53,11799,8087,1.46,24.13%,1/7/2019
AMZN,1629.51,Call,1840,1/17/2020,375,158.5,160.33,162.15,157.5,510,352,1.45,33.01%,1/7/2019
SNAP,6.21,Put,6.5,1/11/2019,4,0.33,0.35,0.37,0.38,766,529,1.45,77.16%,1/7/2019
HOLX,40.49,Call,44,1/18/2019,11,0.05,0.13,0.2,0.15,1023,706,1.45,38.61%,1/7/2019
T,30.89,Put,30,1/11/2019,4,0.16,0.18,0.2,0.19,3837,2638,1.45,40.98%,1/7/2019
MSFT,102.06,Call,105,1/11/2019,4,0.43,0.45,0.46,0.43,5285,3635,1.45,33.31%,1/7/2019
NVDA,143.4,Call,144,1/11/2019,4,3.55,3.63,3.7,3.6,1916,1326,1.44,64.51%,1/7/2019
LEN,42.38,Put,42.5,1/18/2019,11,1.6,1.65,1.7,1.67,2357,1642,1.44,55.46%,1/7/2019
GS,176.02,Call,195,3/15/2019,67,2.62,2.76,2.9,2.87,2896,2006,1.44,29.07%,1/7/2019
BAC,25.56,Call,29,3/15/2019,67,0.2,0.22,0.23,0.21,19658,13618,1.44,25.85%,1/7/2019
CGC,28.9,Call,30.5,1/11/2019,4,0.18,0.2,0.22,0.22,503,351,1.43,61.84%,1/7/2019
SQ,60.72,Call,60,1/11/2019,4,2.03,2.09,2.14,2.03,2866,2002,1.43,64.83%,1/7/2019
WYNN,109.47,Put,105,1/17/2020,375,16.4,16.6,16.8,17.35,500,352,1.42,49.57%,1/7/2019
TSN,56.05,Call,57.5,2/15/2019,39,1.7,1.75,1.8,2,573,404,1.42,34.98%,1/7/2019
GWPH,114.66,Call,130,2/15/2019,39,3.3,3.8,4.3,3.81,644,453,1.42,59.56%,1/7/2019
MSFT,102.06,Call,104,1/11/2019,4,0.68,0.71,0.74,0.72,2934,2068,1.42,34.45%,1/7/2019
RCL,101.83,Call,110,3/15/2019,67,3.4,3.5,3.6,3.46,4906,3444,1.42,36.40%,1/7/2019
JNJ,127.01,Call,130,3/15/2019,67,3.6,3.7,3.8,3.7,545,387,1.41,21.71%,1/7/2019
WMB,24.15,Call,25,2/15/2019,39,0.54,0.57,0.6,0.58,2817,2003,1.41,28.58%,1/7/2019
JCP,1.28,Call,5,1/15/2021,739,0.06,0.14,0.22,0.12,658,470,1.4,73.58%,1/7/2019
V,136.06,Put,131,1/11/2019,4,0.35,0.4,0.45,0.41,520,373,1.39,36.07%,1/7/2019
DE,154.16,Call,160,2/15/2019,39,4.45,4.63,4.8,4.82,591,426,1.39,35.09%,1/7/2019
WBA,69.97,Put,62.5,1/17/2020,375,4.35,4.5,4.65,4.55,611,440,1.39,32.06%,1/7/2019
BMY,48.41,Call,50,2/15/2019,39,1.48,1.57,1.66,1.52,7585,5462,1.39,33.74%,1/7/2019
RIG,8.28,Call,8,1/11/2019,4,0.39,0.41,0.43,0.42,1015,736,1.38,74.78%,1/7/2019
AAPL,147.93,Put,133,1/11/2019,4,0.05,0.06,0.07,0.07,1519,1104,1.38,51.76%,1/7/2019
ROKU,42.18,Put,35,1/11/2019,4,0.18,0.21,0.24,0.18,2115,1537,1.38,126.23%,1/7/2019
QEP,8.53,Call,12,3/15/2019,67,0.05,0.1,0.15,0.1,3513,2543,1.38,57.76%,1/7/2019
FCX,11,Call,13,3/15/2019,67,0.29,0.3,0.3,0.29,668,486,1.37,47.23%,1/7/2019
AAPL,147.93,Call,145,1/18/2019,11,5.2,5.33,5.45,5.3,55355,40312,1.37,35.15%,1/7/2019
ROKU,42.18,Call,44,1/18/2019,11,1.65,1.72,1.79,1.81,543,398,1.36,87.39%,1/7/2019
NFLX,315.34,Put,270,1/11/2019,4,0.15,0.2,0.24,0.22,1265,931,1.36,75.89%,1/7/2019
SQ,60.72,Call,80,6/21/2019,165,3.2,3.3,3.4,3.25,1354,993,1.36,52.75%,1/7/2019
CRM,142.22,Call,140,2/15/2019,39,8,8.15,8.3,8.24,4233,3109,1.36,37.17%,1/7/2019
AMD,20.57,Put,19,1/25/2019,18,0.7,0.74,0.77,0.77,643,475,1.35,81.74%,1/7/2019
VZ,56.72,Call,57,1/11/2019,4,0.21,0.23,0.24,0.24,1743,1291,1.35,14.97%,1/7/2019
GS,176.02,Call,200,3/15/2019,67,1.2,1.64,2.07,1.82,2883,2142,1.35,28.10%,1/7/2019
MU,34,Call,35.5,1/18/2019,11,0.65,0.68,0.7,0.7,701,523,1.34,54.27%,1/7/2019
GG,9.58,Call,9,2/15/2019,39,0.75,0.83,0.91,0.81,790,588,1.34,36.44%,1/7/2019
AAL,32.95,Call,34,1/11/2019,4,0.3,0.34,0.37,0.45,979,732,1.34,62.46%,1/7/2019
AMBA,36.77,Call,37,1/11/2019,4,1.05,1.18,1.3,1.05,1078,804,1.34,75.06%,1/7/2019
GOLD,12.92,Put,13,2/15/2019,39,0.64,0.67,0.69,0.65,1543,1151,1.34,37.39%,1/7/2019
SQ,60.72,Call,61,1/11/2019,4,1.49,1.54,1.59,1.56,2579,1918,1.34,66.39%,1/7/2019
SNAP,6.21,Call,6.5,1/11/2019,4,0.05,0.06,0.06,0.06,3715,2773,1.34,62.45%,1/7/2019
SLB,40.17,Put,37.5,2/15/2019,39,1.08,1.11,1.13,1.08,5170,3865,1.34,43.54%,1/7/2019
MTCH,43.37,Put,45,1/18/2019,11,2.45,2.6,2.75,2.85,726,547,1.33,63.89%,1/7/2019
TDOC,52.13,Call,60,1/18/2019,11,0.35,0.43,0.5,0.45,747,562,1.33,71.40%,1/7/2019
BABA,143.1,Put,135,1/11/2019,4,0.42,0.44,0.46,0.41,1465,1101,1.33,47.67%,1/7/2019
GPS,26.57,Call,20,1/18/2019,11,6.45,6.6,6.75,6.66,2840,2139,1.33,96.98%,1/7/2019
TEO,14.95,Call,15,1/18/2019,11,0,0.3,0.6,0.46,501,379,1.32,46.13%,1/7/2019
TWTR,31.34,Put,19,6/21/2019,165,0.57,0.59,0.61,0.59,956,725,1.32,64.23%,1/7/2019
FB,138.05,Call,100,6/21/2019,165,40.1,41.55,43,40.6,1100,836,1.32,37.25%,1/7/2019
BABA,143.1,Call,146,1/11/2019,4,1.38,1.43,1.48,1.45,2487,1881,1.32,43.65%,1/7/2019
AAPL,147.93,Put,140,1/11/2019,4,0.31,0.34,0.36,0.34,6453,4871,1.32,42.98%,1/7/2019
GE,8.74,Call,11,3/15/2019,67,0.16,0.17,0.17,0.17,25887,19660,1.32,51.18%,1/7/2019
IR,92.13,Call,95,2/15/2019,39,2.25,2.4,2.55,2.7,501,385,1.3,31.61%,1/7/2019
FB,138.05,Put,139,1/11/2019,4,2.58,2.89,3.2,2.61,575,443,1.3,36.78%,1/7/2019
AAPL,147.93,Call,155,2/1/2019,25,2.79,2.84,2.89,2.82,1159,891,1.3,35.19%,1/7/2019
FCX,11,Call,11.5,1/11/2019,4,0.08,0.09,0.09,0.09,1780,1373,1.3,57.11%,1/7/2019
AMD,20.57,Call,20.5,1/18/2019,11,1.15,1.17,1.18,1.18,2756,2112,1.3,79.92%,1/7/2019
HPQ,20.95,Call,25,1/17/2020,375,1.12,1.16,1.2,1.15,8015,6163,1.3,26.99%,1/7/2019
BBD,10.85,Call,11,2/15/2019,39,0.55,0.57,0.59,0.58,912,708,1.29,44.74%,1/7/2019
NSTG,18.13,Call,20,1/18/2019,11,0.1,0.18,0.25,0.15,4249,3297,1.29,55.51%,1/7/2019
BAC,25.56,Put,25,1/11/2019,4,0.15,0.17,0.18,0.16,5290,4097,1.29,35.82%,1/7/2019
GE,8.74,Put,8,1/11/2019,4,0.03,0.04,0.04,0.04,9527,7358,1.29,73.72%,1/7/2019
C,55.61,Call,62.5,3/15/2019,67,0.6,0.63,0.65,0.67,10432,8086,1.29,27.97%,1/7/2019
CAT,128.23,Put,122,1/11/2019,4,0.52,0.6,0.68,0.47,500,392,1.28,46.21%,1/7/2019
AMD,20.57,Put,17,1/25/2019,18,0.21,0.25,0.28,0.26,530,415,1.28,82.59%,1/7/2019
AXP,98.17,Put,92.5,1/17/2020,375,6.5,6.65,6.8,6.7,753,587,1.28,27.45%,1/7/2019
MA,191.22,Call,150,1/18/2019,11,40.8,41.23,41.65,42,1542,1203,1.28,89.16%,1/7/2019
ROKU,42.18,Call,36,1/11/2019,4,6.2,6.38,6.55,6.25,528,417,1.27,86.97%,1/7/2019
BA,328.11,Call,345,1/11/2019,4,0.36,0.45,0.54,0.41,541,429,1.26,33.46%,1/7/2019
JD,22.76,Call,23.5,1/11/2019,4,0.26,0.28,0.29,0.29,1088,864,1.26,60.55%,1/7/2019
ADBE,229.26,Call,225,2/15/2019,39,13.65,13.95,14.25,14.28,2304,1832,1.26,39.33%,1/7/2019
AAPL,147.93,Put,125,1/11/2019,4,0.01,0.02,0.02,0.02,1046,835,1.25,65.11%,1/7/2019
CGC,28.9,Call,29.5,1/11/2019,4,0.41,0.48,0.54,0.45,612,493,1.24,57.94%,1/7/2019
JPM,100.76,Call,103,1/18/2019,11,1.25,1.29,1.32,1.33,1375,1106,1.24,31.80%,1/7/2019
BABA,143.1,Call,138,1/18/2019,11,7.15,7.3,7.45,7.55,2252,1813,1.24,45.85%,1/7/2019
Downloaded from Barchart.com as of 01-08-2019 01:13am CST,,,,,,,,,,,,,,
